dataset,column,guessed_type
games_march2025_cleaned.csv,appid,categorical
games_march2025_cleaned.csv,name,categorical
games_march2025_cleaned.csv,release_date,temporal
games_march2025_cleaned.csv,required_age,quantitative
games_march2025_cleaned.csv,price,quantitative
games_march2025_cleaned.csv,dlc_count,quantitative
games_march2025_cleaned.csv,detailed_description,categorical
games_march2025_cleaned.csv,about_the_game,categorical
games_march2025_cleaned.csv,short_description,categorical
games_march2025_cleaned.csv,reviews,categorical
games_march2025_cleaned.csv,header_image,categorical
games_march2025_cleaned.csv,website,categorical
games_march2025_cleaned.csv,support_url,categorical
games_march2025_cleaned.csv,support_email,categorical
games_march2025_cleaned.csv,windows,categorical
games_march2025_cleaned.csv,mac,categorical
games_march2025_cleaned.csv,linux,categorical
games_march2025_cleaned.csv,metacritic_score,quantitative
games_march2025_cleaned.csv,metacritic_url,categorical
games_march2025_cleaned.csv,achievements,quantitative
games_march2025_cleaned.csv,recommendations,quantitative
games_march2025_cleaned.csv,notes,categorical
games_march2025_cleaned.csv,supported_languages,categorical
games_march2025_cleaned.csv,full_audio_languages,categorical
games_march2025_cleaned.csv,packages,categorical
games_march2025_cleaned.csv,developers,categorical
games_march2025_cleaned.csv,publishers,categorical
games_march2025_cleaned.csv,categories,categorical
games_march2025_cleaned.csv,genres,categorical
games_march2025_cleaned.csv,screenshots,categorical
games_march2025_cleaned.csv,movies,categorical
games_march2025_cleaned.csv,user_score,quantitative
games_march2025_cleaned.csv,score_rank,categorical
games_march2025_cleaned.csv,positive,quantitative
games_march2025_cleaned.csv,negative,quantitative
games_march2025_cleaned.csv,estimated_owners,categorical
games_march2025_cleaned.csv,average_playtime_forever,temporal
games_march2025_cleaned.csv,average_playtime_2weeks,temporal
games_march2025_cleaned.csv,median_playtime_forever,temporal
games_march2025_cleaned.csv,median_playtime_2weeks,temporal
games_march2025_cleaned.csv,discount,quantitative
games_march2025_cleaned.csv,peak_ccu,quantitative
games_march2025_cleaned.csv,tags,categorical
games_march2025_cleaned.csv,pct_pos_total,quantitative
games_march2025_cleaned.csv,num_reviews_total,quantitative
games_march2025_cleaned.csv,pct_pos_recent,quantitative
games_march2025_cleaned.csv,num_reviews_recent,quantitative
Anime.csv,animeID,categorical
Anime.csv,name,categorical
Anime.csv,title_english,categorical
Anime.csv,title_japanese,categorical
Anime.csv,title_synonyms,categorical
Anime.csv,type,categorical
Anime.csv,source,categorical
Anime.csv,producers,categorical
Anime.csv,genre,categorical
Anime.csv,studio,categorical
Anime.csv,episodes,quantitative
Anime.csv,status,categorical
Anime.csv,airing,categorical
Anime.csv,aired,categorical
Anime.csv,duration,categorical
Anime.csv,rating,categorical
Anime.csv,score,quantitative
Anime.csv,scored_by,quantitative
Anime.csv,rank,categorical
Anime.csv,popularity,quantitative
Anime.csv,members,quantitative
Anime.csv,favorites,quantitative
Anime.csv,synopsis,categorical
Anime.csv,background,categorical
Anime.csv,premiered,categorical
Anime.csv,broadcast,categorical
Anime.csv,related,geographic
accident_data.csv,Accident_Index,categorical
accident_data.csv,1st_Road_Class,categorical
accident_data.csv,1st_Road_Number,quantitative
accident_data.csv,2nd_Road_Class,categorical
accident_data.csv,2nd_Road_Number,quantitative
accident_data.csv,Accident_Severity,categorical
accident_data.csv,Carriageway_Hazards,categorical
accident_data.csv,Date,temporal
accident_data.csv,Day_of_Week,temporal
accident_data.csv,Did_Police_Officer_Attend_Scene_of_Accident,categorical
accident_data.csv,Junction_Control,categorical
accident_data.csv,Junction_Detail,categorical
accident_data.csv,Latitude,geographic
accident_data.csv,Light_Conditions,categorical
accident_data.csv,Local_Authority_(District),categorical
accident_data.csv,Local_Authority_(Highway),categorical
accident_data.csv,Location_Easting_OSGR,quantitative
accident_data.csv,Location_Northing_OSGR,quantitative
accident_data.csv,Longitude,geographic
accident_data.csv,LSOA_of_Accident_Location,categorical
accident_data.csv,Number_of_Casualties,quantitative
accident_data.csv,Number_of_Vehicles,quantitative
accident_data.csv,Pedestrian_Crossing-Human_Control,categorical
accident_data.csv,Pedestrian_Crossing-Physical_Facilities,categorical
accident_data.csv,Police_Force,categorical
accident_data.csv,Road_Surface_Conditions,categorical
accident_data.csv,Road_Type,categorical
accident_data.csv,Special_Conditions_at_Site,categorical
accident_data.csv,Speed_limit,categorical
accident_data.csv,Time,temporal
accident_data.csv,Urban_or_Rural_Area,categorical
accident_data.csv,Weather_Conditions,categorical
accident_data.csv,Year,temporal
accident_data.csv,InScotland,categorical
athlete_events.csv,ID,categorical
athlete_events.csv,Name,categorical
athlete_events.csv,Sex,categorical
athlete_events.csv,Age,quantitative
athlete_events.csv,Height,quantitative
athlete_events.csv,Weight,quantitative
athlete_events.csv,Team,categorical
athlete_events.csv,NOC,categorical
athlete_events.csv,Games,categorical
athlete_events.csv,Year,temporal
athlete_events.csv,Season,categorical
athlete_events.csv,City,geographic
athlete_events.csv,Sport,categorical
athlete_events.csv,Event,categorical
athlete_events.csv,Medal,categorical
V-Dem-CY-Full+Others-v16.csv,country_name,geographic
V-Dem-CY-Full+Others-v16.csv,country_text_id,geographic
V-Dem-CY-Full+Others-v16.csv,country_id,geographic
V-Dem-CY-Full+Others-v16.csv,year,temporal
V-Dem-CY-Full+Others-v16.csv,historical_date,temporal
V-Dem-CY-Full+Others-v16.csv,project,categorical
V-Dem-CY-Full+Others-v16.csv,historical,categorical
V-Dem-CY-Full+Others-v16.csv,histname,categorical
V-Dem-CY-Full+Others-v16.csv,codingstart,quantitative
V-Dem-CY-Full+Others-v16.csv,codingend,quantitative
V-Dem-CY-Full+Others-v16.csv,codingstart_contemp,quantitative
V-Dem-CY-Full+Others-v16.csv,codingend_contemp,categorical
V-Dem-CY-Full+Others-v16.csv,codingstart_hist,quantitative
V-Dem-CY-Full+Others-v16.csv,codingend_hist,quantitative
V-Dem-CY-Full+Others-v16.csv,gapstart1,quantitative
V-Dem-CY-Full+Others-v16.csv,gapstart2,categorical
V-Dem-CY-Full+Others-v16.csv,gapstart3,categorical
V-Dem-CY-Full+Others-v16.csv,gapend1,quantitative
V-Dem-CY-Full+Others-v16.csv,gapend2,categorical
V-Dem-CY-Full+Others-v16.csv,gapend3,categorical
V-Dem-CY-Full+Others-v16.csv,gap_index,quantitative
V-Dem-CY-Full+Others-v16.csv,COWcode,categorical
V-Dem-CY-Full+Others-v16.csv,v2x_polyarchy,quantitative
V-Dem-CY-Full+Others-v16.csv,v2x_polyarchy_codelow,categorical
V-Dem-CY-Full+Others-v16.csv,v2x_polyarchy_codehigh,categorical
V-Dem-CY-Full+Others-v16.csv,v2x_polyarchy_sd,quantitative
V-Dem-CY-Full+Others-v16.csv,v2x_libdem,quantitative
V-Dem-CY-Full+Others-v16.csv,v2x_libdem_codelow,categorical
V-Dem-CY-Full+Others-v16.csv,v2x_libdem_codehigh,categorical
V-Dem-CY-Full+Others-v16.csv,v2x_libdem_sd,quantitative
V-Dem-CY-Full+Others-v16.csv,v2x_partipdem,quantitative
V-Dem-CY-Full+Others-v16.csv,v2x_partipdem_codelow,categorical
V-Dem-CY-Full+Others-v16.csv,v2x_partipdem_codehigh,categorical
V-Dem-CY-Full+Others-v16.csv,v2x_partipdem_sd,quantitative
V-Dem-CY-Full+Others-v16.csv,v2x_delibdem,quantitative
V-Dem-CY-Full+Others-v16.csv,v2x_delibdem_codelow,categorical
V-Dem-CY-Full+Others-v16.csv,v2x_delibdem_codehigh,categorical
V-Dem-CY-Full+Others-v16.csv,v2x_delibdem_sd,quantitative
V-Dem-CY-Full+Others-v16.csv,v2x_egaldem,quantitative
V-Dem-CY-Full+Others-v16.csv,v2x_egaldem_codelow,categorical
V-Dem-CY-Full+Others-v16.csv,v2x_egaldem_codehigh,categorical
V-Dem-CY-Full+Others-v16.csv,v2x_egaldem_sd,quantitative
V-Dem-CY-Full+Others-v16.csv,v2x_api,quantitative
V-Dem-CY-Full+Others-v16.csv,v2x_api_codelow,categorical
V-Dem-CY-Full+Others-v16.csv,v2x_api_codehigh,categorical
V-Dem-CY-Full+Others-v16.csv,v2x_api_sd,quantitative
V-Dem-CY-Full+Others-v16.csv,v2x_mpi,quantitative
V-Dem-CY-Full+Others-v16.csv,v2x_mpi_codelow,categorical
V-Dem-CY-Full+Others-v16.csv,v2x_mpi_codehigh,categorical
V-Dem-CY-Full+Others-v16.csv,v2x_mpi_sd,quantitative
V-Dem-CY-Full+Others-v16.csv,v2x_freexp_altinf,quantitative
V-Dem-CY-Full+Others-v16.csv,v2x_freexp_altinf_codelow,categorical
V-Dem-CY-Full+Others-v16.csv,v2x_freexp_altinf_codehigh,categorical
V-Dem-CY-Full+Others-v16.csv,v2x_freexp_altinf_sd,quantitative
V-Dem-CY-Full+Others-v16.csv,v2x_frassoc_thick,quantitative
V-Dem-CY-Full+Others-v16.csv,v2x_frassoc_thick_codelow,categorical
V-Dem-CY-Full+Others-v16.csv,v2x_frassoc_thick_codehigh,categorical
V-Dem-CY-Full+Others-v16.csv,v2x_frassoc_thick_sd,quantitative
V-Dem-CY-Full+Others-v16.csv,v2x_suffr,quantitative
V-Dem-CY-Full+Others-v16.csv,v2xel_frefair,quantitative
V-Dem-CY-Full+Others-v16.csv,v2xel_frefair_codelow,categorical
V-Dem-CY-Full+Others-v16.csv,v2xel_frefair_codehigh,categorical
V-Dem-CY-Full+Others-v16.csv,v2xel_frefair_sd,quantitative
V-Dem-CY-Full+Others-v16.csv,v2x_elecoff,quantitative
V-Dem-CY-Full+Others-v16.csv,v2x_liberal,quantitative
V-Dem-CY-Full+Others-v16.csv,v2x_liberal_codelow,categorical
V-Dem-CY-Full+Others-v16.csv,v2x_liberal_codehigh,categorical
V-Dem-CY-Full+Others-v16.csv,v2x_liberal_sd,quantitative
V-Dem-CY-Full+Others-v16.csv,v2xcl_rol,quantitative
V-Dem-CY-Full+Others-v16.csv,v2xcl_rol_codelow,categorical
V-Dem-CY-Full+Others-v16.csv,v2xcl_rol_codehigh,categorical
V-Dem-CY-Full+Others-v16.csv,v2xcl_rol_sd,quantitative
V-Dem-CY-Full+Others-v16.csv,v2x_jucon,quantitative
V-Dem-CY-Full+Others-v16.csv,v2x_jucon_codelow,categorical
V-Dem-CY-Full+Others-v16.csv,v2x_jucon_codehigh,categorical
V-Dem-CY-Full+Others-v16.csv,v2x_jucon_sd,quantitative
V-Dem-CY-Full+Others-v16.csv,v2xlg_legcon,quantitative
V-Dem-CY-Full+Others-v16.csv,v2xlg_legcon_codelow,categorical
V-Dem-CY-Full+Others-v16.csv,v2xlg_legcon_codehigh,categorical
V-Dem-CY-Full+Others-v16.csv,v2xlg_legcon_sd,quantitative
V-Dem-CY-Full+Others-v16.csv,v2x_partip,quantitative
V-Dem-CY-Full+Others-v16.csv,v2x_partip_codelow,categorical
V-Dem-CY-Full+Others-v16.csv,v2x_partip_codehigh,categorical
V-Dem-CY-Full+Others-v16.csv,v2x_partip_sd,quantitative
V-Dem-CY-Full+Others-v16.csv,v2x_cspart,quantitative
V-Dem-CY-Full+Others-v16.csv,v2x_cspart_codelow,categorical
V-Dem-CY-Full+Others-v16.csv,v2x_cspart_codehigh,categorical
V-Dem-CY-Full+Others-v16.csv,v2x_cspart_sd,quantitative
V-Dem-CY-Full+Others-v16.csv,v2xdd_dd,quantitative
V-Dem-CY-Full+Others-v16.csv,v2xel_locelec,quantitative
V-Dem-CY-Full+Others-v16.csv,v2xel_locelec_codelow,categorical
V-Dem-CY-Full+Others-v16.csv,v2xel_locelec_codehigh,categorical
V-Dem-CY-Full+Others-v16.csv,v2xel_locelec_sd,quantitative
V-Dem-CY-Full+Others-v16.csv,v2xel_regelec,quantitative
V-Dem-CY-Full+Others-v16.csv,v2xel_regelec_codelow,categorical
V-Dem-CY-Full+Others-v16.csv,v2xel_regelec_codehigh,categorical
V-Dem-CY-Full+Others-v16.csv,v2xel_regelec_sd,quantitative
V-Dem-CY-Full+Others-v16.csv,v2xdl_delib,quantitative
V-Dem-CY-Full+Others-v16.csv,v2xdl_delib_codelow,categorical
V-Dem-CY-Full+Others-v16.csv,v2xdl_delib_codehigh,categorical
V-Dem-CY-Full+Others-v16.csv,v2xdl_delib_sd,quantitative
V-Dem-CY-Full+Others-v16.csv,v2x_egal,quantitative
V-Dem-CY-Full+Others-v16.csv,v2x_egal_codelow,categorical
V-Dem-CY-Full+Others-v16.csv,v2x_egal_codehigh,categorical
V-Dem-CY-Full+Others-v16.csv,v2x_egal_sd,quantitative
V-Dem-CY-Full+Others-v16.csv,v2xeg_eqprotec,quantitative
V-Dem-CY-Full+Others-v16.csv,v2xeg_eqprotec_codelow,categorical
V-Dem-CY-Full+Others-v16.csv,v2xeg_eqprotec_codehigh,categorical
V-Dem-CY-Full+Others-v16.csv,v2xeg_eqprotec_sd,quantitative
V-Dem-CY-Full+Others-v16.csv,v2xeg_eqaccess,quantitative
V-Dem-CY-Full+Others-v16.csv,v2xeg_eqaccess_codelow,categorical
V-Dem-CY-Full+Others-v16.csv,v2xeg_eqaccess_codehigh,categorical
V-Dem-CY-Full+Others-v16.csv,v2xeg_eqaccess_sd,quantitative
V-Dem-CY-Full+Others-v16.csv,v2xeg_eqdr,quantitative
V-Dem-CY-Full+Others-v16.csv,v2xeg_eqdr_codelow,categorical
V-Dem-CY-Full+Others-v16.csv,v2xeg_eqdr_codehigh,categorical
V-Dem-CY-Full+Others-v16.csv,v2xeg_eqdr_sd,quantitative
V-Dem-CY-Full+Others-v16.csv,v2eltype_0,categorical
V-Dem-CY-Full+Others-v16.csv,v2eltype_1,categorical
V-Dem-CY-Full+Others-v16.csv,v2eltype_2,categorical
V-Dem-CY-Full+Others-v16.csv,v2eltype_3,categorical
V-Dem-CY-Full+Others-v16.csv,v2eltype_4,categorical
V-Dem-CY-Full+Others-v16.csv,v2eltype_5,categorical
V-Dem-CY-Full+Others-v16.csv,v2eltype_6,categorical
V-Dem-CY-Full+Others-v16.csv,v2eltype_7,categorical
V-Dem-CY-Full+Others-v16.csv,v2eltype_8,categorical
V-Dem-CY-Full+Others-v16.csv,v2eltype_9,categorical
V-Dem-CY-Full+Others-v16.csv,v2elcomvot,categorical
V-Dem-CY-Full+Others-v16.csv,v2elfemrst,categorical
V-Dem-CY-Full+Others-v16.csv,v2elage,quantitative
V-Dem-CY-Full+Others-v16.csv,v2elgvsuflvl,quantitative
V-Dem-CY-Full+Others-v16.csv,v2elsuffrage,quantitative
V-Dem-CY-Full+Others-v16.csv,v2elwestmon,categorical
V-Dem-CY-Full+Others-v16.csv,v2asuffrage,quantitative
V-Dem-CY-Full+Others-v16.csv,v2fsuffrage,quantitative
V-Dem-CY-Full+Others-v16.csv,v2msuffrage,quantitative
V-Dem-CY-Full+Others-v16.csv,v2eldonate,quantitative
V-Dem-CY-Full+Others-v16.csv,v2eldonate_codelow,categorical
V-Dem-CY-Full+Others-v16.csv,v2eldonate_codehigh,categorical
V-Dem-CY-Full+Others-v16.csv,v2eldonate_sd,quantitative
V-Dem-CY-Full+Others-v16.csv,v2eldonate_osp,quantitative
V-Dem-CY-Full+Others-v16.csv,v2eldonate_osp_codelow,categorical
V-Dem-CY-Full+Others-v16.csv,v2eldonate_osp_codehigh,categorical
V-Dem-CY-Full+Others-v16.csv,v2eldonate_osp_sd,quantitative
V-Dem-CY-Full+Others-v16.csv,v2eldonate_ord,categorical
V-Dem-CY-Full+Others-v16.csv,v2eldonate_ord_codelow,categorical
V-Dem-CY-Full+Others-v16.csv,v2eldonate_ord_codehigh,categorical
V-Dem-CY-Full+Others-v16.csv,v2eldonate_mean,quantitative
V-Dem-CY-Full+Others-v16.csv,v2eldonate_nr,quantitative
V-Dem-CY-Full+Others-v16.csv,v2elpubfin,quantitative
V-Dem-CY-Full+Others-v16.csv,v2elpubfin_codelow,categorical
V-Dem-CY-Full+Others-v16.csv,v2elpubfin_codehigh,categorical
V-Dem-CY-Full+Others-v16.csv,v2elpubfin_sd,quantitative
V-Dem-CY-Full+Others-v16.csv,v2elpubfin_osp,quantitative
V-Dem-CY-Full+Others-v16.csv,v2elpubfin_osp_codelow,categorical
V-Dem-CY-Full+Others-v16.csv,v2elpubfin_osp_codehigh,categorical
V-Dem-CY-Full+Others-v16.csv,v2elpubfin_osp_sd,quantitative
V-Dem-CY-Full+Others-v16.csv,v2elpubfin_ord,categorical
V-Dem-CY-Full+Others-v16.csv,v2elpubfin_ord_codelow,categorical
V-Dem-CY-Full+Others-v16.csv,v2elpubfin_ord_codehigh,categorical
V-Dem-CY-Full+Others-v16.csv,v2elpubfin_mean,quantitative
V-Dem-CY-Full+Others-v16.csv,v2elpubfin_nr,quantitative
V-Dem-CY-Full+Others-v16.csv,v2elembaut,quantitative
V-Dem-CY-Full+Others-v16.csv,v2elembaut_codelow,categorical
V-Dem-CY-Full+Others-v16.csv,v2elembaut_codehigh,categorical
V-Dem-CY-Full+Others-v16.csv,v2elembaut_sd,quantitative
V-Dem-CY-Full+Others-v16.csv,v2elembaut_osp,quantitative
V-Dem-CY-Full+Others-v16.csv,v2elembaut_osp_codelow,categorical
V-Dem-CY-Full+Others-v16.csv,v2elembaut_osp_codehigh,categorical
V-Dem-CY-Full+Others-v16.csv,v2elembaut_osp_sd,quantitative
V-Dem-CY-Full+Others-v16.csv,v2elembaut_ord,categorical
V-Dem-CY-Full+Others-v16.csv,v2elembaut_ord_codelow,categorical
V-Dem-CY-Full+Others-v16.csv,v2elembaut_ord_codehigh,categorical
V-Dem-CY-Full+Others-v16.csv,v2elembaut_mean,quantitative
V-Dem-CY-Full+Others-v16.csv,v2elembaut_nr,quantitative
V-Dem-CY-Full+Others-v16.csv,v2elembcap,quantitative
V-Dem-CY-Full+Others-v16.csv,v2elembcap_codelow,categorical
V-Dem-CY-Full+Others-v16.csv,v2elembcap_codehigh,categorical
V-Dem-CY-Full+Others-v16.csv,v2elembcap_sd,quantitative
V-Dem-CY-Full+Others-v16.csv,v2elembcap_osp,quantitative
V-Dem-CY-Full+Others-v16.csv,v2elembcap_osp_codelow,categorical
V-Dem-CY-Full+Others-v16.csv,v2elembcap_osp_codehigh,categorical
V-Dem-CY-Full+Others-v16.csv,v2elembcap_osp_sd,quantitative
V-Dem-CY-Full+Others-v16.csv,v2elembcap_ord,categorical
V-Dem-CY-Full+Others-v16.csv,v2elembcap_ord_codelow,categorical
V-Dem-CY-Full+Others-v16.csv,v2elembcap_ord_codehigh,categorical
V-Dem-CY-Full+Others-v16.csv,v2elembcap_mean,quantitative
V-Dem-CY-Full+Others-v16.csv,v2elembcap_nr,quantitative
V-Dem-CY-Full+Others-v16.csv,v2elmulpar,quantitative
V-Dem-CY-Full+Others-v16.csv,v2elmulpar_codelow,categorical
V-Dem-CY-Full+Others-v16.csv,v2elmulpar_codehigh,categorical
V-Dem-CY-Full+Others-v16.csv,v2elmulpar_sd,quantitative
V-Dem-CY-Full+Others-v16.csv,v2elmulpar_osp,quantitative
V-Dem-CY-Full+Others-v16.csv,v2elmulpar_osp_codelow,categorical
V-Dem-CY-Full+Others-v16.csv,v2elmulpar_osp_codehigh,categorical
V-Dem-CY-Full+Others-v16.csv,v2elmulpar_osp_sd,quantitative
V-Dem-CY-Full+Others-v16.csv,v2elmulpar_ord,categorical
V-Dem-CY-Full+Others-v16.csv,v2elmulpar_ord_codelow,categorical
V-Dem-CY-Full+Others-v16.csv,v2elmulpar_ord_codehigh,categorical
V-Dem-CY-Full+Others-v16.csv,v2elmulpar_mean,quantitative
V-Dem-CY-Full+Others-v16.csv,v2elmulpar_nr,quantitative
V-Dem-CY-Full+Others-v16.csv,v2elrgstry,quantitative
V-Dem-CY-Full+Others-v16.csv,v2elrgstry_codelow,categorical
V-Dem-CY-Full+Others-v16.csv,v2elrgstry_codehigh,categorical
V-Dem-CY-Full+Others-v16.csv,v2elrgstry_sd,quantitative
V-Dem-CY-Full+Others-v16.csv,v2elrgstry_osp,quantitative
V-Dem-CY-Full+Others-v16.csv,v2elrgstry_osp_codelow,categorical
V-Dem-CY-Full+Others-v16.csv,v2elrgstry_osp_codehigh,categorical
V-Dem-CY-Full+Others-v16.csv,v2elrgstry_osp_sd,quantitative
V-Dem-CY-Full+Others-v16.csv,v2elrgstry_ord,categorical
V-Dem-CY-Full+Others-v16.csv,v2elrgstry_ord_codelow,categorical
V-Dem-CY-Full+Others-v16.csv,v2elrgstry_ord_codehigh,categorical
V-Dem-CY-Full+Others-v16.csv,v2elrgstry_mean,quantitative
V-Dem-CY-Full+Others-v16.csv,v2elrgstry_nr,quantitative
V-Dem-CY-Full+Others-v16.csv,v2elvotbuy,quantitative
V-Dem-CY-Full+Others-v16.csv,v2elvotbuy_codelow,categorical
V-Dem-CY-Full+Others-v16.csv,v2elvotbuy_codehigh,categorical
V-Dem-CY-Full+Others-v16.csv,v2elvotbuy_sd,quantitative
V-Dem-CY-Full+Others-v16.csv,v2elvotbuy_osp,quantitative
V-Dem-CY-Full+Others-v16.csv,v2elvotbuy_osp_codelow,categorical
V-Dem-CY-Full+Others-v16.csv,v2elvotbuy_osp_codehigh,categorical
V-Dem-CY-Full+Others-v16.csv,v2elvotbuy_osp_sd,quantitative
V-Dem-CY-Full+Others-v16.csv,v2elvotbuy_ord,categorical
V-Dem-CY-Full+Others-v16.csv,v2elvotbuy_ord_codelow,categorical
V-Dem-CY-Full+Others-v16.csv,v2elvotbuy_ord_codehigh,categorical
V-Dem-CY-Full+Others-v16.csv,v2elvotbuy_mean,quantitative
V-Dem-CY-Full+Others-v16.csv,v2elvotbuy_nr,quantitative
V-Dem-CY-Full+Others-v16.csv,v2elirreg,quantitative
V-Dem-CY-Full+Others-v16.csv,v2elirreg_codelow,categorical
V-Dem-CY-Full+Others-v16.csv,v2elirreg_codehigh,categorical
V-Dem-CY-Full+Others-v16.csv,v2elirreg_sd,quantitative
V-Dem-CY-Full+Others-v16.csv,v2elirreg_osp,quantitative
V-Dem-CY-Full+Others-v16.csv,v2elirreg_osp_codelow,categorical
V-Dem-CY-Full+Others-v16.csv,v2elirreg_osp_codehigh,categorical
V-Dem-CY-Full+Others-v16.csv,v2elirreg_osp_sd,quantitative
V-Dem-CY-Full+Others-v16.csv,v2elirreg_ord,categorical
V-Dem-CY-Full+Others-v16.csv,v2elirreg_ord_codelow,categorical
V-Dem-CY-Full+Others-v16.csv,v2elirreg_ord_codehigh,categorical
V-Dem-CY-Full+Others-v16.csv,v2elirreg_mean,quantitative
V-Dem-CY-Full+Others-v16.csv,v2elirreg_nr,quantitative
V-Dem-CY-Full+Others-v16.csv,v2elintim,quantitative
V-Dem-CY-Full+Others-v16.csv,v2elintim_codelow,categorical
V-Dem-CY-Full+Others-v16.csv,v2elintim_codehigh,categorical
V-Dem-CY-Full+Others-v16.csv,v2elintim_sd,quantitative
V-Dem-CY-Full+Others-v16.csv,v2elintim_osp,quantitative
V-Dem-CY-Full+Others-v16.csv,v2elintim_osp_codelow,categorical
V-Dem-CY-Full+Others-v16.csv,v2elintim_osp_codehigh,categorical
V-Dem-CY-Full+Others-v16.csv,v2elintim_osp_sd,quantitative
V-Dem-CY-Full+Others-v16.csv,v2elintim_ord,categorical
V-Dem-CY-Full+Others-v16.csv,v2elintim_ord_codelow,categorical
V-Dem-CY-Full+Others-v16.csv,v2elintim_ord_codehigh,categorical
V-Dem-CY-Full+Others-v16.csv,v2elintim_mean,quantitative
V-Dem-CY-Full+Others-v16.csv,v2elintim_nr,quantitative
V-Dem-CY-Full+Others-v16.csv,v2elpeace,quantitative
V-Dem-CY-Full+Others-v16.csv,v2elpeace_codelow,categorical
V-Dem-CY-Full+Others-v16.csv,v2elpeace_codehigh,categorical
V-Dem-CY-Full+Others-v16.csv,v2elpeace_sd,quantitative
V-Dem-CY-Full+Others-v16.csv,v2elpeace_osp,quantitative
V-Dem-CY-Full+Others-v16.csv,v2elpeace_osp_codelow,categorical
V-Dem-CY-Full+Others-v16.csv,v2elpeace_osp_codehigh,categorical
V-Dem-CY-Full+Others-v16.csv,v2elpeace_osp_sd,quantitative
V-Dem-CY-Full+Others-v16.csv,v2elpeace_ord,categorical
V-Dem-CY-Full+Others-v16.csv,v2elpeace_ord_codelow,categorical
V-Dem-CY-Full+Others-v16.csv,v2elpeace_ord_codehigh,categorical
V-Dem-CY-Full+Others-v16.csv,v2elpeace_mean,quantitative
V-Dem-CY-Full+Others-v16.csv,v2elpeace_nr,quantitative
V-Dem-CY-Full+Others-v16.csv,v2elboycot,quantitative
V-Dem-CY-Full+Others-v16.csv,v2elboycot_codelow,categorical
V-Dem-CY-Full+Others-v16.csv,v2elboycot_codehigh,categorical
V-Dem-CY-Full+Others-v16.csv,v2elboycot_sd,quantitative
V-Dem-CY-Full+Others-v16.csv,v2elboycot_osp,quantitative
V-Dem-CY-Full+Others-v16.csv,v2elboycot_osp_codelow,categorical
V-Dem-CY-Full+Others-v16.csv,v2elboycot_osp_codehigh,categorical
V-Dem-CY-Full+Others-v16.csv,v2elboycot_osp_sd,quantitative
V-Dem-CY-Full+Others-v16.csv,v2elboycot_ord,categorical
V-Dem-CY-Full+Others-v16.csv,v2elboycot_ord_codelow,categorical
V-Dem-CY-Full+Others-v16.csv,v2elboycot_ord_codehigh,categorical
V-Dem-CY-Full+Others-v16.csv,v2elboycot_mean,quantitative
V-Dem-CY-Full+Others-v16.csv,v2elboycot_nr,quantitative
V-Dem-CY-Full+Others-v16.csv,v2elfrcamp,quantitative
V-Dem-CY-Full+Others-v16.csv,v2elfrcamp_codelow,categorical
V-Dem-CY-Full+Others-v16.csv,v2elfrcamp_codehigh,categorical
V-Dem-CY-Full+Others-v16.csv,v2elfrcamp_sd,quantitative
V-Dem-CY-Full+Others-v16.csv,v2elfrcamp_osp,quantitative
V-Dem-CY-Full+Others-v16.csv,v2elfrcamp_osp_codelow,categorical
V-Dem-CY-Full+Others-v16.csv,v2elfrcamp_osp_codehigh,categorical
V-Dem-CY-Full+Others-v16.csv,v2elfrcamp_osp_sd,quantitative
V-Dem-CY-Full+Others-v16.csv,v2elfrcamp_ord,categorical
V-Dem-CY-Full+Others-v16.csv,v2elfrcamp_ord_codelow,categorical
V-Dem-CY-Full+Others-v16.csv,v2elfrcamp_ord_codehigh,categorical
V-Dem-CY-Full+Others-v16.csv,v2elfrcamp_mean,quantitative
V-Dem-CY-Full+Others-v16.csv,v2elfrcamp_nr,quantitative
V-Dem-CY-Full+Others-v16.csv,v2elpdcamp,quantitative
V-Dem-CY-Full+Others-v16.csv,v2elpdcamp_codelow,categorical
V-Dem-CY-Full+Others-v16.csv,v2elpdcamp_codehigh,categorical
V-Dem-CY-Full+Others-v16.csv,v2elpdcamp_sd,quantitative
V-Dem-CY-Full+Others-v16.csv,v2elpdcamp_osp,quantitative
V-Dem-CY-Full+Others-v16.csv,v2elpdcamp_osp_codelow,categorical
V-Dem-CY-Full+Others-v16.csv,v2elpdcamp_osp_codehigh,categorical
V-Dem-CY-Full+Others-v16.csv,v2elpdcamp_osp_sd,quantitative
V-Dem-CY-Full+Others-v16.csv,v2elpdcamp_ord,categorical
V-Dem-CY-Full+Others-v16.csv,v2elpdcamp_ord_codelow,categorical
V-Dem-CY-Full+Others-v16.csv,v2elpdcamp_ord_codehigh,categorical
V-Dem-CY-Full+Others-v16.csv,v2elpdcamp_mean,quantitative
V-Dem-CY-Full+Others-v16.csv,v2elpdcamp_nr,quantitative
V-Dem-CY-Full+Others-v16.csv,v2elpaidig,categorical
V-Dem-CY-Full+Others-v16.csv,v2elpaidig_codelow,categorical
V-Dem-CY-Full+Others-v16.csv,v2elpaidig_codehigh,categorical
V-Dem-CY-Full+Others-v16.csv,v2elpaidig_sd,categorical
V-Dem-CY-Full+Others-v16.csv,v2elpaidig_osp,categorical
V-Dem-CY-Full+Others-v16.csv,v2elpaidig_osp_codelow,categorical
V-Dem-CY-Full+Others-v16.csv,v2elpaidig_osp_codehigh,categorical
V-Dem-CY-Full+Others-v16.csv,v2elpaidig_osp_sd,categorical
V-Dem-CY-Full+Others-v16.csv,v2elpaidig_ord,categorical
V-Dem-CY-Full+Others-v16.csv,v2elpaidig_ord_codelow,categorical
V-Dem-CY-Full+Others-v16.csv,v2elpaidig_ord_codehigh,categorical
V-Dem-CY-Full+Others-v16.csv,v2elpaidig_mean,categorical
V-Dem-CY-Full+Others-v16.csv,v2elpaidig_nr,categorical
V-Dem-CY-Full+Others-v16.csv,v2elfrfair,quantitative
V-Dem-CY-Full+Others-v16.csv,v2elfrfair_codelow,categorical
V-Dem-CY-Full+Others-v16.csv,v2elfrfair_codehigh,categorical
V-Dem-CY-Full+Others-v16.csv,v2elfrfair_sd,quantitative
V-Dem-CY-Full+Others-v16.csv,v2elfrfair_osp,quantitative
V-Dem-CY-Full+Others-v16.csv,v2elfrfair_osp_codelow,categorical
V-Dem-CY-Full+Others-v16.csv,v2elfrfair_osp_codehigh,categorical
V-Dem-CY-Full+Others-v16.csv,v2elfrfair_osp_sd,quantitative
V-Dem-CY-Full+Others-v16.csv,v2elfrfair_ord,categorical
V-Dem-CY-Full+Others-v16.csv,v2elfrfair_ord_codelow,categorical
V-Dem-CY-Full+Others-v16.csv,v2elfrfair_ord_codehigh,categorical
V-Dem-CY-Full+Others-v16.csv,v2elfrfair_mean,quantitative
V-Dem-CY-Full+Others-v16.csv,v2elfrfair_nr,quantitative
V-Dem-CY-Full+Others-v16.csv,v2elrstrct,categorical
V-Dem-CY-Full+Others-v16.csv,v2eldommon,categorical
V-Dem-CY-Full+Others-v16.csv,v2elintmon,categorical
V-Dem-CY-Full+Others-v16.csv,v2elmonden,categorical
V-Dem-CY-Full+Others-v16.csv,v2elmonref,categorical
V-Dem-CY-Full+Others-v16.csv,v2elaccept,quantitative
V-Dem-CY-Full+Others-v16.csv,v2elaccept_codelow,categorical
V-Dem-CY-Full+Others-v16.csv,v2elaccept_codehigh,categorical
V-Dem-CY-Full+Others-v16.csv,v2elaccept_sd,quantitative
V-Dem-CY-Full+Others-v16.csv,v2elaccept_osp,quantitative
V-Dem-CY-Full+Others-v16.csv,v2elaccept_osp_codelow,categorical
V-Dem-CY-Full+Others-v16.csv,v2elaccept_osp_codehigh,categorical
V-Dem-CY-Full+Others-v16.csv,v2elaccept_osp_sd,quantitative
V-Dem-CY-Full+Others-v16.csv,v2elaccept_ord,categorical
V-Dem-CY-Full+Others-v16.csv,v2elaccept_ord_codelow,categorical
V-Dem-CY-Full+Others-v16.csv,v2elaccept_ord_codehigh,categorical
V-Dem-CY-Full+Others-v16.csv,v2elaccept_mean,quantitative
V-Dem-CY-Full+Others-v16.csv,v2elaccept_nr,quantitative
V-Dem-CY-Full+Others-v16.csv,v2elasmoff,quantitative
V-Dem-CY-Full+Others-v16.csv,v2elasmoff_codelow,categorical
V-Dem-CY-Full+Others-v16.csv,v2elasmoff_codehigh,categorical
V-Dem-CY-Full+Others-v16.csv,v2elasmoff_sd,quantitative
V-Dem-CY-Full+Others-v16.csv,v2elasmoff_osp,quantitative
V-Dem-CY-Full+Others-v16.csv,v2elasmoff_osp_codelow,categorical
V-Dem-CY-Full+Others-v16.csv,v2elasmoff_osp_codehigh,categorical
V-Dem-CY-Full+Others-v16.csv,v2elasmoff_osp_sd,quantitative
V-Dem-CY-Full+Others-v16.csv,v2elasmoff_ord,categorical
V-Dem-CY-Full+Others-v16.csv,v2elasmoff_ord_codelow,categorical
V-Dem-CY-Full+Others-v16.csv,v2elasmoff_ord_codehigh,categorical
V-Dem-CY-Full+Others-v16.csv,v2elasmoff_mean,quantitative
V-Dem-CY-Full+Others-v16.csv,v2elasmoff_nr,quantitative
V-Dem-CY-Full+Others-v16.csv,v2elvaptrn,quantitative
V-Dem-CY-Full+Others-v16.csv,v2eltrnout,quantitative
V-Dem-CY-Full+Others-v16.csv,v2lpname,categorical
V-Dem-CY-Full+Others-v16.csv,v2slpname,categorical
V-Dem-CY-Full+Others-v16.csv,v2tlpname,categorical
V-Dem-CY-Full+Others-v16.csv,v2eltvrexo,categorical
V-Dem-CY-Full+Others-v16.csv,v2elvotlrg,quantitative
V-Dem-CY-Full+Others-v16.csv,v2elvotsml,quantitative
V-Dem-CY-Full+Others-v16.csv,v2elturnhog,categorical
V-Dem-CY-Full+Others-v16.csv,v2elturnhos,categorical
V-Dem-CY-Full+Others-v16.csv,v2elrsthos,categorical
V-Dem-CY-Full+Others-v16.csv,v2elrsthog,categorical
V-Dem-CY-Full+Others-v16.csv,v2elprescons,quantitative
V-Dem-CY-Full+Others-v16.csv,v2elprescumul,quantitative
V-Dem-CY-Full+Others-v16.csv,v2elthresh,quantitative
V-Dem-CY-Full+Others-v16.csv,v2eltvrig,categorical
V-Dem-CY-Full+Others-v16.csv,v2ellostsl,quantitative
V-Dem-CY-Full+Others-v16.csv,v2ellostss,quantitative
V-Dem-CY-Full+Others-v16.csv,v2ellovtlg,quantitative
V-Dem-CY-Full+Others-v16.csv,v2ellovtsm,quantitative
V-Dem-CY-Full+Others-v16.csv,v2ellostlg,quantitative
V-Dem-CY-Full+Others-v16.csv,v2elloseat,quantitative
V-Dem-CY-Full+Others-v16.csv,v2ellostsm,quantitative
V-Dem-CY-Full+Others-v16.csv,v2elloelsy,quantitative
V-Dem-CY-Full+Others-v16.csv,v2ellocons,quantitative
V-Dem-CY-Full+Others-v16.csv,v2ellocumul,quantitative
V-Dem-CY-Full+Others-v16.csv,v2elparlel,categorical
V-Dem-CY-Full+Others-v16.csv,v2elloeldm,quantitative
V-Dem-CY-Full+Others-v16.csv,v2ellovttm,quantitative
V-Dem-CY-Full+Others-v16.csv,v2ellosttm,quantitative
V-Dem-CY-Full+Others-v16.csv,v2ellostts,quantitative
V-Dem-CY-Full+Others-v16.csv,v2ellobaseat,quantitative
V-Dem-CY-Full+Others-v16.csv,v2ellobadis,quantitative
V-Dem-CY-Full+Others-v16.csv,v2elloupdis,quantitative
V-Dem-CY-Full+Others-v16.csv,v2elloreseat,quantitative
V-Dem-CY-Full+Others-v16.csv,v2ellodiseff,quantitative
V-Dem-CY-Full+Others-v16.csv,v2elreggov,categorical
V-Dem-CY-Full+Others-v16.csv,v2elregnam,categorical
V-Dem-CY-Full+Others-v16.csv,v2elsrgel,categorical
V-Dem-CY-Full+Others-v16.csv,v2elrgpwr,quantitative
V-Dem-CY-Full+Others-v16.csv,v2elrgpwr_codelow,categorical
V-Dem-CY-Full+Others-v16.csv,v2elrgpwr_codehigh,categorical
V-Dem-CY-Full+Others-v16.csv,v2elrgpwr_sd,quantitative
V-Dem-CY-Full+Others-v16.csv,v2elrgpwr_osp,quantitative
V-Dem-CY-Full+Others-v16.csv,v2elrgpwr_osp_codelow,categorical
V-Dem-CY-Full+Others-v16.csv,v2elrgpwr_osp_codehigh,categorical
V-Dem-CY-Full+Others-v16.csv,v2elrgpwr_osp_sd,quantitative
V-Dem-CY-Full+Others-v16.csv,v2elrgpwr_ord,categorical
V-Dem-CY-Full+Others-v16.csv,v2elrgpwr_ord_codelow,categorical
V-Dem-CY-Full+Others-v16.csv,v2elrgpwr_ord_codehigh,categorical
V-Dem-CY-Full+Others-v16.csv,v2elrgpwr_mean,quantitative
V-Dem-CY-Full+Others-v16.csv,v2elrgpwr_nr,quantitative
V-Dem-CY-Full+Others-v16.csv,v2ellocgov,categorical
V-Dem-CY-Full+Others-v16.csv,v2ellocnam,categorical
V-Dem-CY-Full+Others-v16.csv,v2ellocelc,categorical
V-Dem-CY-Full+Others-v16.csv,v2ellocpwr,quantitative
V-Dem-CY-Full+Others-v16.csv,v2ellocpwr_codelow,categorical
V-Dem-CY-Full+Others-v16.csv,v2ellocpwr_codehigh,categorical
V-Dem-CY-Full+Others-v16.csv,v2ellocpwr_sd,quantitative
V-Dem-CY-Full+Others-v16.csv,v2ellocpwr_osp,quantitative
V-Dem-CY-Full+Others-v16.csv,v2ellocpwr_osp_codelow,categorical
V-Dem-CY-Full+Others-v16.csv,v2ellocpwr_osp_codehigh,categorical
V-Dem-CY-Full+Others-v16.csv,v2ellocpwr_osp_sd,quantitative
V-Dem-CY-Full+Others-v16.csv,v2ellocpwr_ord,categorical
V-Dem-CY-Full+Others-v16.csv,v2ellocpwr_ord_codelow,categorical
V-Dem-CY-Full+Others-v16.csv,v2ellocpwr_ord_codehigh,categorical
V-Dem-CY-Full+Others-v16.csv,v2ellocpwr_mean,quantitative
V-Dem-CY-Full+Others-v16.csv,v2ellocpwr_nr,quantitative
V-Dem-CY-Full+Others-v16.csv,v2elffelr,quantitative
V-Dem-CY-Full+Others-v16.csv,v2elffelr_codelow,categorical
V-Dem-CY-Full+Others-v16.csv,v2elffelr_codehigh,categorical
V-Dem-CY-Full+Others-v16.csv,v2elffelr_sd,quantitative
V-Dem-CY-Full+Others-v16.csv,v2elffelr_osp,quantitative
V-Dem-CY-Full+Others-v16.csv,v2elffelr_osp_codelow,categorical
V-Dem-CY-Full+Others-v16.csv,v2elffelr_osp_codehigh,categorical
V-Dem-CY-Full+Others-v16.csv,v2elffelr_osp_sd,quantitative
V-Dem-CY-Full+Others-v16.csv,v2elffelr_ord,categorical
V-Dem-CY-Full+Others-v16.csv,v2elffelr_ord_codelow,categorical
V-Dem-CY-Full+Others-v16.csv,v2elffelr_ord_codehigh,categorical
V-Dem-CY-Full+Others-v16.csv,v2elffelr_mean,quantitative
V-Dem-CY-Full+Others-v16.csv,v2elffelr_nr,quantitative
V-Dem-CY-Full+Others-v16.csv,v2elffelrbin,quantitative
V-Dem-CY-Full+Others-v16.csv,v2elffelrbin_codelow,categorical
V-Dem-CY-Full+Others-v16.csv,v2elffelrbin_codehigh,categorical
V-Dem-CY-Full+Others-v16.csv,v2elffelrbin_sd,quantitative
V-Dem-CY-Full+Others-v16.csv,v2elffelrbin_osp,quantitative
V-Dem-CY-Full+Others-v16.csv,v2elffelrbin_osp_codelow,categorical
V-Dem-CY-Full+Others-v16.csv,v2elffelrbin_osp_codehigh,categorical
V-Dem-CY-Full+Others-v16.csv,v2elffelrbin_osp_sd,quantitative
V-Dem-CY-Full+Others-v16.csv,v2elffelrbin_ord,categorical
V-Dem-CY-Full+Others-v16.csv,v2elffelrbin_ord_codelow,categorical
V-Dem-CY-Full+Others-v16.csv,v2elffelrbin_ord_codehigh,categorical
V-Dem-CY-Full+Others-v16.csv,v2elffelrbin_mean,quantitative
V-Dem-CY-Full+Others-v16.csv,v2elffelrbin_nr,quantitative
V-Dem-CY-Full+Others-v16.csv,v2elsnlsff,quantitative
V-Dem-CY-Full+Others-v16.csv,v2elsnlsff_codelow,categorical
V-Dem-CY-Full+Others-v16.csv,v2elsnlsff_codehigh,categorical
V-Dem-CY-Full+Others-v16.csv,v2elsnlsff_sd,quantitative
V-Dem-CY-Full+Others-v16.csv,v2elsnlsff_osp,quantitative
V-Dem-CY-Full+Others-v16.csv,v2elsnlsff_osp_codelow,categorical
V-Dem-CY-Full+Others-v16.csv,v2elsnlsff_osp_codehigh,categorical
V-Dem-CY-Full+Others-v16.csv,v2elsnlsff_osp_sd,quantitative
V-Dem-CY-Full+Others-v16.csv,v2elsnlsff_ord,categorical
V-Dem-CY-Full+Others-v16.csv,v2elsnlsff_ord_codelow,categorical
V-Dem-CY-Full+Others-v16.csv,v2elsnlsff_ord_codehigh,categorical
V-Dem-CY-Full+Others-v16.csv,v2elsnlsff_mean,quantitative
V-Dem-CY-Full+Others-v16.csv,v2elsnlsff_nr,quantitative
V-Dem-CY-Full+Others-v16.csv,v2elsnlfc_0,quantitative
V-Dem-CY-Full+Others-v16.csv,v2elsnlfc_1,quantitative
V-Dem-CY-Full+Others-v16.csv,v2elsnlfc_2,quantitative
V-Dem-CY-Full+Others-v16.csv,v2elsnlfc_3,quantitative
V-Dem-CY-Full+Others-v16.csv,v2elsnlfc_4,quantitative
V-Dem-CY-Full+Others-v16.csv,v2elsnlfc_5,quantitative
V-Dem-CY-Full+Others-v16.csv,v2elsnlfc_6,quantitative
V-Dem-CY-Full+Others-v16.csv,v2elsnlfc_7,quantitative
V-Dem-CY-Full+Others-v16.csv,v2elsnlfc_8,quantitative
V-Dem-CY-Full+Others-v16.csv,v2elsnlfc_9,quantitative
V-Dem-CY-Full+Others-v16.csv,v2elsnlfc_10,quantitative
V-Dem-CY-Full+Others-v16.csv,v2elsnlfc_11,quantitative
V-Dem-CY-Full+Others-v16.csv,v2elsnlfc_12,quantitative
V-Dem-CY-Full+Others-v16.csv,v2elsnlfc_13,quantitative
V-Dem-CY-Full+Others-v16.csv,v2elsnlfc_14,quantitative
V-Dem-CY-Full+Others-v16.csv,v2elsnlfc_15,quantitative
V-Dem-CY-Full+Others-v16.csv,v2elsnlfc_16,quantitative
V-Dem-CY-Full+Others-v16.csv,v2elsnlfc_17,quantitative
V-Dem-CY-Full+Others-v16.csv,v2elsnlfc_18,quantitative
V-Dem-CY-Full+Others-v16.csv,v2elsnlfc_19,quantitative
V-Dem-CY-Full+Others-v16.csv,v2elsnlfc_20,quantitative
V-Dem-CY-Full+Others-v16.csv,v2elsnlfc_21,quantitative
V-Dem-CY-Full+Others-v16.csv,v2elsnlfc_nr,quantitative
V-Dem-CY-Full+Others-v16.csv,v2elsnmrfc_0,quantitative
V-Dem-CY-Full+Others-v16.csv,v2elsnmrfc_1,quantitative
V-Dem-CY-Full+Others-v16.csv,v2elsnmrfc_2,quantitative
V-Dem-CY-Full+Others-v16.csv,v2elsnmrfc_3,quantitative
V-Dem-CY-Full+Others-v16.csv,v2elsnmrfc_4,quantitative
V-Dem-CY-Full+Others-v16.csv,v2elsnmrfc_5,quantitative
V-Dem-CY-Full+Others-v16.csv,v2elsnmrfc_6,quantitative
V-Dem-CY-Full+Others-v16.csv,v2elsnmrfc_7,quantitative
V-Dem-CY-Full+Others-v16.csv,v2elsnmrfc_8,quantitative
V-Dem-CY-Full+Others-v16.csv,v2elsnmrfc_9,quantitative
V-Dem-CY-Full+Others-v16.csv,v2elsnmrfc_10,quantitative
V-Dem-CY-Full+Others-v16.csv,v2elsnmrfc_11,quantitative
V-Dem-CY-Full+Others-v16.csv,v2elsnmrfc_12,quantitative
V-Dem-CY-Full+Others-v16.csv,v2elsnmrfc_13,quantitative
V-Dem-CY-Full+Others-v16.csv,v2elsnmrfc_14,quantitative
V-Dem-CY-Full+Others-v16.csv,v2elsnmrfc_15,quantitative
V-Dem-CY-Full+Others-v16.csv,v2elsnmrfc_16,quantitative
V-Dem-CY-Full+Others-v16.csv,v2elsnmrfc_17,quantitative
V-Dem-CY-Full+Others-v16.csv,v2elsnmrfc_18,quantitative
V-Dem-CY-Full+Others-v16.csv,v2elsnmrfc_19,quantitative
V-Dem-CY-Full+Others-v16.csv,v2elsnmrfc_20,quantitative
V-Dem-CY-Full+Others-v16.csv,v2elsnmrfc_21,quantitative
V-Dem-CY-Full+Others-v16.csv,v2elsnmrfc_nr,quantitative
V-Dem-CY-Full+Others-v16.csv,v2psbars,quantitative
V-Dem-CY-Full+Others-v16.csv,v2psbars_codelow,categorical
V-Dem-CY-Full+Others-v16.csv,v2psbars_codehigh,categorical
V-Dem-CY-Full+Others-v16.csv,v2psbars_sd,quantitative
V-Dem-CY-Full+Others-v16.csv,v2psbars_osp,quantitative
V-Dem-CY-Full+Others-v16.csv,v2psbars_osp_codelow,categorical
V-Dem-CY-Full+Others-v16.csv,v2psbars_osp_codehigh,categorical
V-Dem-CY-Full+Others-v16.csv,v2psbars_osp_sd,quantitative
V-Dem-CY-Full+Others-v16.csv,v2psbars_ord,categorical
V-Dem-CY-Full+Others-v16.csv,v2psbars_ord_codelow,categorical
V-Dem-CY-Full+Others-v16.csv,v2psbars_ord_codehigh,categorical
V-Dem-CY-Full+Others-v16.csv,v2psbars_mean,quantitative
V-Dem-CY-Full+Others-v16.csv,v2psbars_nr,quantitative
V-Dem-CY-Full+Others-v16.csv,v2psparban,quantitative
V-Dem-CY-Full+Others-v16.csv,v2psparban_codelow,categorical
V-Dem-CY-Full+Others-v16.csv,v2psparban_codehigh,categorical
V-Dem-CY-Full+Others-v16.csv,v2psparban_sd,quantitative
V-Dem-CY-Full+Others-v16.csv,v2psparban_osp,quantitative
V-Dem-CY-Full+Others-v16.csv,v2psparban_osp_codelow,categorical
V-Dem-CY-Full+Others-v16.csv,v2psparban_osp_codehigh,categorical
V-Dem-CY-Full+Others-v16.csv,v2psparban_osp_sd,quantitative
V-Dem-CY-Full+Others-v16.csv,v2psparban_ord,categorical
V-Dem-CY-Full+Others-v16.csv,v2psparban_ord_codelow,categorical
V-Dem-CY-Full+Others-v16.csv,v2psparban_ord_codehigh,categorical
V-Dem-CY-Full+Others-v16.csv,v2psparban_mean,quantitative
V-Dem-CY-Full+Others-v16.csv,v2psparban_nr,quantitative
V-Dem-CY-Full+Others-v16.csv,v2psoppaut,quantitative
V-Dem-CY-Full+Others-v16.csv,v2psoppaut_codelow,categorical
V-Dem-CY-Full+Others-v16.csv,v2psoppaut_codehigh,categorical
V-Dem-CY-Full+Others-v16.csv,v2psoppaut_sd,quantitative
V-Dem-CY-Full+Others-v16.csv,v2psoppaut_osp,quantitative
V-Dem-CY-Full+Others-v16.csv,v2psoppaut_osp_codelow,categorical
V-Dem-CY-Full+Others-v16.csv,v2psoppaut_osp_codehigh,categorical
V-Dem-CY-Full+Others-v16.csv,v2psoppaut_osp_sd,quantitative
V-Dem-CY-Full+Others-v16.csv,v2psoppaut_ord,categorical
V-Dem-CY-Full+Others-v16.csv,v2psoppaut_ord_codelow,categorical
V-Dem-CY-Full+Others-v16.csv,v2psoppaut_ord_codehigh,categorical
V-Dem-CY-Full+Others-v16.csv,v2psoppaut_mean,quantitative
V-Dem-CY-Full+Others-v16.csv,v2psoppaut_nr,quantitative
V-Dem-CY-Full+Others-v16.csv,v2psorgs,quantitative
V-Dem-CY-Full+Others-v16.csv,v2psorgs_codelow,categorical
V-Dem-CY-Full+Others-v16.csv,v2psorgs_codehigh,categorical
V-Dem-CY-Full+Others-v16.csv,v2psorgs_sd,quantitative
V-Dem-CY-Full+Others-v16.csv,v2psorgs_osp,quantitative
V-Dem-CY-Full+Others-v16.csv,v2psorgs_osp_codelow,categorical
V-Dem-CY-Full+Others-v16.csv,v2psorgs_osp_codehigh,categorical
V-Dem-CY-Full+Others-v16.csv,v2psorgs_osp_sd,quantitative
V-Dem-CY-Full+Others-v16.csv,v2psorgs_ord,categorical
V-Dem-CY-Full+Others-v16.csv,v2psorgs_ord_codelow,categorical
V-Dem-CY-Full+Others-v16.csv,v2psorgs_ord_codehigh,categorical
V-Dem-CY-Full+Others-v16.csv,v2psorgs_mean,quantitative
V-Dem-CY-Full+Others-v16.csv,v2psorgs_nr,quantitative
V-Dem-CY-Full+Others-v16.csv,v2psprbrch,quantitative
V-Dem-CY-Full+Others-v16.csv,v2psprbrch_codelow,categorical
V-Dem-CY-Full+Others-v16.csv,v2psprbrch_codehigh,categorical
V-Dem-CY-Full+Others-v16.csv,v2psprbrch_sd,quantitative
V-Dem-CY-Full+Others-v16.csv,v2psprbrch_osp,quantitative
V-Dem-CY-Full+Others-v16.csv,v2psprbrch_osp_codelow,categorical
V-Dem-CY-Full+Others-v16.csv,v2psprbrch_osp_codehigh,categorical
V-Dem-CY-Full+Others-v16.csv,v2psprbrch_osp_sd,quantitative
V-Dem-CY-Full+Others-v16.csv,v2psprbrch_ord,categorical
V-Dem-CY-Full+Others-v16.csv,v2psprbrch_ord_codelow,categorical
V-Dem-CY-Full+Others-v16.csv,v2psprbrch_ord_codehigh,categorical
V-Dem-CY-Full+Others-v16.csv,v2psprbrch_mean,quantitative
V-Dem-CY-Full+Others-v16.csv,v2psprbrch_nr,quantitative
V-Dem-CY-Full+Others-v16.csv,v2psprlnks,quantitative
V-Dem-CY-Full+Others-v16.csv,v2psprlnks_codelow,categorical
V-Dem-CY-Full+Others-v16.csv,v2psprlnks_codehigh,categorical
V-Dem-CY-Full+Others-v16.csv,v2psprlnks_sd,quantitative
V-Dem-CY-Full+Others-v16.csv,v2psprlnks_osp,quantitative
V-Dem-CY-Full+Others-v16.csv,v2psprlnks_osp_codelow,categorical
V-Dem-CY-Full+Others-v16.csv,v2psprlnks_osp_codehigh,categorical
V-Dem-CY-Full+Others-v16.csv,v2psprlnks_osp_sd,quantitative
V-Dem-CY-Full+Others-v16.csv,v2psprlnks_ord,categorical
V-Dem-CY-Full+Others-v16.csv,v2psprlnks_ord_codelow,categorical
V-Dem-CY-Full+Others-v16.csv,v2psprlnks_ord_codehigh,categorical
V-Dem-CY-Full+Others-v16.csv,v2psprlnks_mean,quantitative
V-Dem-CY-Full+Others-v16.csv,v2psprlnks_nr,quantitative
V-Dem-CY-Full+Others-v16.csv,v2psplats,geographic
V-Dem-CY-Full+Others-v16.csv,v2psplats_codelow,geographic
V-Dem-CY-Full+Others-v16.csv,v2psplats_codehigh,geographic
V-Dem-CY-Full+Others-v16.csv,v2psplats_sd,geographic
V-Dem-CY-Full+Others-v16.csv,v2psplats_osp,geographic
V-Dem-CY-Full+Others-v16.csv,v2psplats_osp_codelow,geographic
V-Dem-CY-Full+Others-v16.csv,v2psplats_osp_codehigh,geographic
V-Dem-CY-Full+Others-v16.csv,v2psplats_osp_sd,geographic
V-Dem-CY-Full+Others-v16.csv,v2psplats_ord,geographic
V-Dem-CY-Full+Others-v16.csv,v2psplats_ord_codelow,geographic
V-Dem-CY-Full+Others-v16.csv,v2psplats_ord_codehigh,geographic
V-Dem-CY-Full+Others-v16.csv,v2psplats_mean,geographic
V-Dem-CY-Full+Others-v16.csv,v2psplats_nr,geographic
V-Dem-CY-Full+Others-v16.csv,v2pscnslnl,quantitative
V-Dem-CY-Full+Others-v16.csv,v2pscnslnl_codelow,categorical
V-Dem-CY-Full+Others-v16.csv,v2pscnslnl_codehigh,categorical
V-Dem-CY-Full+Others-v16.csv,v2pscnslnl_sd,quantitative
V-Dem-CY-Full+Others-v16.csv,v2pscnslnl_osp,quantitative
V-Dem-CY-Full+Others-v16.csv,v2pscnslnl_osp_codelow,categorical
V-Dem-CY-Full+Others-v16.csv,v2pscnslnl_osp_codehigh,categorical
V-Dem-CY-Full+Others-v16.csv,v2pscnslnl_osp_sd,quantitative
V-Dem-CY-Full+Others-v16.csv,v2pscnslnl_ord,categorical
V-Dem-CY-Full+Others-v16.csv,v2pscnslnl_ord_codelow,categorical
V-Dem-CY-Full+Others-v16.csv,v2pscnslnl_ord_codehigh,categorical
V-Dem-CY-Full+Others-v16.csv,v2pscnslnl_mean,quantitative
V-Dem-CY-Full+Others-v16.csv,v2pscnslnl_nr,quantitative
V-Dem-CY-Full+Others-v16.csv,v2pscohesv,quantitative
V-Dem-CY-Full+Others-v16.csv,v2pscohesv_codelow,categorical
V-Dem-CY-Full+Others-v16.csv,v2pscohesv_codehigh,categorical
V-Dem-CY-Full+Others-v16.csv,v2pscohesv_sd,quantitative
V-Dem-CY-Full+Others-v16.csv,v2pscohesv_osp,quantitative
V-Dem-CY-Full+Others-v16.csv,v2pscohesv_osp_codelow,categorical
V-Dem-CY-Full+Others-v16.csv,v2pscohesv_osp_codehigh,categorical
V-Dem-CY-Full+Others-v16.csv,v2pscohesv_osp_sd,quantitative
V-Dem-CY-Full+Others-v16.csv,v2pscohesv_ord,categorical
V-Dem-CY-Full+Others-v16.csv,v2pscohesv_ord_codelow,categorical
V-Dem-CY-Full+Others-v16.csv,v2pscohesv_ord_codehigh,categorical
V-Dem-CY-Full+Others-v16.csv,v2pscohesv_mean,quantitative
V-Dem-CY-Full+Others-v16.csv,v2pscohesv_nr,quantitative
V-Dem-CY-Full+Others-v16.csv,v2pscomprg,quantitative
V-Dem-CY-Full+Others-v16.csv,v2pscomprg_codelow,categorical
V-Dem-CY-Full+Others-v16.csv,v2pscomprg_codehigh,categorical
V-Dem-CY-Full+Others-v16.csv,v2pscomprg_sd,quantitative
V-Dem-CY-Full+Others-v16.csv,v2pscomprg_osp,quantitative
V-Dem-CY-Full+Others-v16.csv,v2pscomprg_osp_codelow,categorical
V-Dem-CY-Full+Others-v16.csv,v2pscomprg_osp_codehigh,categorical
V-Dem-CY-Full+Others-v16.csv,v2pscomprg_osp_sd,quantitative
V-Dem-CY-Full+Others-v16.csv,v2pscomprg_ord,categorical
V-Dem-CY-Full+Others-v16.csv,v2pscomprg_ord_codelow,categorical
V-Dem-CY-Full+Others-v16.csv,v2pscomprg_ord_codehigh,categorical
V-Dem-CY-Full+Others-v16.csv,v2pscomprg_mean,quantitative
V-Dem-CY-Full+Others-v16.csv,v2pscomprg_nr,quantitative
V-Dem-CY-Full+Others-v16.csv,v2psnatpar,quantitative
V-Dem-CY-Full+Others-v16.csv,v2psnatpar_codelow,categorical
V-Dem-CY-Full+Others-v16.csv,v2psnatpar_codehigh,categorical
V-Dem-CY-Full+Others-v16.csv,v2psnatpar_sd,quantitative
V-Dem-CY-Full+Others-v16.csv,v2psnatpar_osp,quantitative
V-Dem-CY-Full+Others-v16.csv,v2psnatpar_osp_codelow,categorical
V-Dem-CY-Full+Others-v16.csv,v2psnatpar_osp_codehigh,categorical
V-Dem-CY-Full+Others-v16.csv,v2psnatpar_osp_sd,quantitative
V-Dem-CY-Full+Others-v16.csv,v2psnatpar_ord,categorical
V-Dem-CY-Full+Others-v16.csv,v2psnatpar_ord_codelow,categorical
V-Dem-CY-Full+Others-v16.csv,v2psnatpar_ord_codehigh,categorical
V-Dem-CY-Full+Others-v16.csv,v2psnatpar_mean,quantitative
V-Dem-CY-Full+Others-v16.csv,v2psnatpar_nr,quantitative
V-Dem-CY-Full+Others-v16.csv,v2pssunpar,quantitative
V-Dem-CY-Full+Others-v16.csv,v2pssunpar_codelow,categorical
V-Dem-CY-Full+Others-v16.csv,v2pssunpar_codehigh,categorical
V-Dem-CY-Full+Others-v16.csv,v2pssunpar_sd,quantitative
V-Dem-CY-Full+Others-v16.csv,v2pssunpar_osp,quantitative
V-Dem-CY-Full+Others-v16.csv,v2pssunpar_osp_codelow,categorical
V-Dem-CY-Full+Others-v16.csv,v2pssunpar_osp_codehigh,categorical
V-Dem-CY-Full+Others-v16.csv,v2pssunpar_osp_sd,quantitative
V-Dem-CY-Full+Others-v16.csv,v2pssunpar_ord,categorical
V-Dem-CY-Full+Others-v16.csv,v2pssunpar_ord_codelow,categorical
V-Dem-CY-Full+Others-v16.csv,v2pssunpar_ord_codehigh,categorical
V-Dem-CY-Full+Others-v16.csv,v2pssunpar_mean,quantitative
V-Dem-CY-Full+Others-v16.csv,v2pssunpar_nr,quantitative
V-Dem-CY-Full+Others-v16.csv,v2psbantar_0,quantitative
V-Dem-CY-Full+Others-v16.csv,v2psbantar_1,quantitative
V-Dem-CY-Full+Others-v16.csv,v2psbantar_2,quantitative
V-Dem-CY-Full+Others-v16.csv,v2psbantar_3,quantitative
V-Dem-CY-Full+Others-v16.csv,v2psbantar_4,quantitative
V-Dem-CY-Full+Others-v16.csv,v2psbantar_5,quantitative
V-Dem-CY-Full+Others-v16.csv,v2psbantar_nr,quantitative
V-Dem-CY-Full+Others-v16.csv,v2ddlexci,categorical
V-Dem-CY-Full+Others-v16.csv,v2ddsignci,quantitative
V-Dem-CY-Full+Others-v16.csv,v2ddsigpci,quantitative
V-Dem-CY-Full+Others-v16.csv,v2ddsigdci,quantitative
V-Dem-CY-Full+Others-v16.csv,v2ddsiglci,categorical
V-Dem-CY-Full+Others-v16.csv,v2ddpartci,quantitative
V-Dem-CY-Full+Others-v16.csv,v2ddapprci,categorical
V-Dem-CY-Full+Others-v16.csv,v2ddadmci,categorical
V-Dem-CY-Full+Others-v16.csv,v2ddspmci,categorical
V-Dem-CY-Full+Others-v16.csv,v2ddthreci,quantitative
V-Dem-CY-Full+Others-v16.csv,v2ddlexrf,categorical
V-Dem-CY-Full+Others-v16.csv,v2ddsignrf,quantitative
V-Dem-CY-Full+Others-v16.csv,v2ddsigprf,quantitative
V-Dem-CY-Full+Others-v16.csv,v2ddsigdrf,quantitative
V-Dem-CY-Full+Others-v16.csv,v2ddsiglrf,categorical
V-Dem-CY-Full+Others-v16.csv,v2ddpartrf,quantitative
V-Dem-CY-Full+Others-v16.csv,v2ddapprrf,categorical
V-Dem-CY-Full+Others-v16.csv,v2ddadmrf,categorical
V-Dem-CY-Full+Others-v16.csv,v2ddspmrf,categorical
V-Dem-CY-Full+Others-v16.csv,v2ddthrerf,quantitative
V-Dem-CY-Full+Others-v16.csv,v2ddlexor,categorical
V-Dem-CY-Full+Others-v16.csv,v2ddpartor,categorical
V-Dem-CY-Full+Others-v16.csv,v2ddappor,quantitative
V-Dem-CY-Full+Others-v16.csv,v2ddadmor,categorical
V-Dem-CY-Full+Others-v16.csv,v2ddspmor,categorical
V-Dem-CY-Full+Others-v16.csv,v2ddthreor,quantitative
V-Dem-CY-Full+Others-v16.csv,v2ddlexpl,categorical
V-Dem-CY-Full+Others-v16.csv,v2ddpartpl,quantitative
V-Dem-CY-Full+Others-v16.csv,v2ddapprpl,categorical
V-Dem-CY-Full+Others-v16.csv,v2ddadmpl,categorical
V-Dem-CY-Full+Others-v16.csv,v2ddspmpl,categorical
V-Dem-CY-Full+Others-v16.csv,v2ddthrepl,quantitative
V-Dem-CY-Full+Others-v16.csv,v2ddyrci,quantitative
V-Dem-CY-Full+Others-v16.csv,v2ddyrrf,quantitative
V-Dem-CY-Full+Others-v16.csv,v2ddyror,quantitative
V-Dem-CY-Full+Others-v16.csv,v2ddyrpl,quantitative
V-Dem-CY-Full+Others-v16.csv,v2ddyrall,quantitative
V-Dem-CY-Full+Others-v16.csv,v2ddcredal,categorical
V-Dem-CY-Full+Others-v16.csv,v2exnamhos,categorical
V-Dem-CY-Full+Others-v16.csv,v2extithos,categorical
V-Dem-CY-Full+Others-v16.csv,v2exremhsp,quantitative
V-Dem-CY-Full+Others-v16.csv,v2exremhsp_codelow,categorical
V-Dem-CY-Full+Others-v16.csv,v2exremhsp_codehigh,categorical
V-Dem-CY-Full+Others-v16.csv,v2exremhsp_sd,quantitative
V-Dem-CY-Full+Others-v16.csv,v2exremhsp_osp,quantitative
V-Dem-CY-Full+Others-v16.csv,v2exremhsp_osp_codelow,categorical
V-Dem-CY-Full+Others-v16.csv,v2exremhsp_osp_codehigh,categorical
V-Dem-CY-Full+Others-v16.csv,v2exremhsp_osp_sd,quantitative
V-Dem-CY-Full+Others-v16.csv,v2exremhsp_ord,categorical
V-Dem-CY-Full+Others-v16.csv,v2exremhsp_ord_codelow,categorical
V-Dem-CY-Full+Others-v16.csv,v2exremhsp_ord_codehigh,categorical
V-Dem-CY-Full+Others-v16.csv,v2exremhsp_mean,quantitative
V-Dem-CY-Full+Others-v16.csv,v2exremhsp_nr,quantitative
V-Dem-CY-Full+Others-v16.csv,v2exdfdshs,quantitative
V-Dem-CY-Full+Others-v16.csv,v2exdfdshs_codelow,categorical
V-Dem-CY-Full+Others-v16.csv,v2exdfdshs_codehigh,categorical
V-Dem-CY-Full+Others-v16.csv,v2exdfdshs_sd,quantitative
V-Dem-CY-Full+Others-v16.csv,v2exdfdshs_osp,quantitative
V-Dem-CY-Full+Others-v16.csv,v2exdfdshs_osp_codelow,categorical
V-Dem-CY-Full+Others-v16.csv,v2exdfdshs_osp_codehigh,categorical
V-Dem-CY-Full+Others-v16.csv,v2exdfdshs_osp_sd,quantitative
V-Dem-CY-Full+Others-v16.csv,v2exdfdshs_ord,categorical
V-Dem-CY-Full+Others-v16.csv,v2exdfdshs_ord_codelow,categorical
V-Dem-CY-Full+Others-v16.csv,v2exdfdshs_ord_codehigh,categorical
V-Dem-CY-Full+Others-v16.csv,v2exdfdshs_mean,quantitative
V-Dem-CY-Full+Others-v16.csv,v2exdfdshs_nr,quantitative
V-Dem-CY-Full+Others-v16.csv,v2exdfcbhs,quantitative
V-Dem-CY-Full+Others-v16.csv,v2exdfcbhs_codelow,categorical
V-Dem-CY-Full+Others-v16.csv,v2exdfcbhs_codehigh,categorical
V-Dem-CY-Full+Others-v16.csv,v2exdfcbhs_sd,quantitative
V-Dem-CY-Full+Others-v16.csv,v2exdfcbhs_osp,quantitative
V-Dem-CY-Full+Others-v16.csv,v2exdfcbhs_osp_codelow,categorical
V-Dem-CY-Full+Others-v16.csv,v2exdfcbhs_osp_codehigh,categorical
V-Dem-CY-Full+Others-v16.csv,v2exdfcbhs_osp_sd,quantitative
V-Dem-CY-Full+Others-v16.csv,v2exdfcbhs_ord,categorical
V-Dem-CY-Full+Others-v16.csv,v2exdfcbhs_ord_codelow,categorical
V-Dem-CY-Full+Others-v16.csv,v2exdfcbhs_ord_codehigh,categorical
V-Dem-CY-Full+Others-v16.csv,v2exdfcbhs_mean,quantitative
V-Dem-CY-Full+Others-v16.csv,v2exdfcbhs_nr,quantitative
V-Dem-CY-Full+Others-v16.csv,v2exdfvths,quantitative
V-Dem-CY-Full+Others-v16.csv,v2exdfvths_codelow,categorical
V-Dem-CY-Full+Others-v16.csv,v2exdfvths_codehigh,categorical
V-Dem-CY-Full+Others-v16.csv,v2exdfvths_sd,quantitative
V-Dem-CY-Full+Others-v16.csv,v2exdfvths_osp,quantitative
V-Dem-CY-Full+Others-v16.csv,v2exdfvths_osp_codelow,categorical
V-Dem-CY-Full+Others-v16.csv,v2exdfvths_osp_codehigh,categorical
V-Dem-CY-Full+Others-v16.csv,v2exdfvths_osp_sd,quantitative
V-Dem-CY-Full+Others-v16.csv,v2exdfvths_ord,categorical
V-Dem-CY-Full+Others-v16.csv,v2exdfvths_ord_codelow,categorical
V-Dem-CY-Full+Others-v16.csv,v2exdfvths_ord_codehigh,categorical
V-Dem-CY-Full+Others-v16.csv,v2exdfvths_mean,quantitative
V-Dem-CY-Full+Others-v16.csv,v2exdfvths_nr,quantitative
V-Dem-CY-Full+Others-v16.csv,v2exdfdmhs,quantitative
V-Dem-CY-Full+Others-v16.csv,v2exdfdmhs_codelow,categorical
V-Dem-CY-Full+Others-v16.csv,v2exdfdmhs_codehigh,categorical
V-Dem-CY-Full+Others-v16.csv,v2exdfdmhs_sd,quantitative
V-Dem-CY-Full+Others-v16.csv,v2exdfdmhs_osp,quantitative
V-Dem-CY-Full+Others-v16.csv,v2exdfdmhs_osp_codelow,categorical
V-Dem-CY-Full+Others-v16.csv,v2exdfdmhs_osp_codehigh,categorical
V-Dem-CY-Full+Others-v16.csv,v2exdfdmhs_osp_sd,quantitative
V-Dem-CY-Full+Others-v16.csv,v2exdfdmhs_ord,categorical
V-Dem-CY-Full+Others-v16.csv,v2exdfdmhs_ord_codelow,categorical
V-Dem-CY-Full+Others-v16.csv,v2exdfdmhs_ord_codehigh,categorical
V-Dem-CY-Full+Others-v16.csv,v2exdfdmhs_mean,quantitative
V-Dem-CY-Full+Others-v16.csv,v2exdfdmhs_nr,quantitative
V-Dem-CY-Full+Others-v16.csv,v2exdfpphs,quantitative
V-Dem-CY-Full+Others-v16.csv,v2exdfpphs_codelow,categorical
V-Dem-CY-Full+Others-v16.csv,v2exdfpphs_codehigh,categorical
V-Dem-CY-Full+Others-v16.csv,v2exdfpphs_sd,quantitative
V-Dem-CY-Full+Others-v16.csv,v2exdfpphs_osp,quantitative
V-Dem-CY-Full+Others-v16.csv,v2exdfpphs_osp_codelow,categorical
V-Dem-CY-Full+Others-v16.csv,v2exdfpphs_osp_codehigh,categorical
V-Dem-CY-Full+Others-v16.csv,v2exdfpphs_osp_sd,quantitative
V-Dem-CY-Full+Others-v16.csv,v2exdfpphs_ord,categorical
V-Dem-CY-Full+Others-v16.csv,v2exdfpphs_ord_codelow,categorical
V-Dem-CY-Full+Others-v16.csv,v2exdfpphs_ord_codehigh,categorical
V-Dem-CY-Full+Others-v16.csv,v2exdfpphs_mean,quantitative
V-Dem-CY-Full+Others-v16.csv,v2exdfpphs_nr,quantitative
V-Dem-CY-Full+Others-v16.csv,v2exhoshog,categorical
V-Dem-CY-Full+Others-v16.csv,v2exagehos,quantitative
V-Dem-CY-Full+Others-v16.csv,v2exaphos,categorical
V-Dem-CY-Full+Others-v16.csv,v2ex_elechos,categorical
V-Dem-CY-Full+Others-v16.csv,v2exfemhos,categorical
V-Dem-CY-Full+Others-v16.csv,v2exfxtmhs,quantitative
V-Dem-CY-Full+Others-v16.csv,v2expathhs,categorical
V-Dem-CY-Full+Others-v16.csv,v2exdeathos,quantitative
V-Dem-CY-Full+Others-v16.csv,v2exparhos,categorical
V-Dem-CY-Full+Others-v16.csv,v2exctlhs_0,quantitative
V-Dem-CY-Full+Others-v16.csv,v2exctlhs_1,quantitative
V-Dem-CY-Full+Others-v16.csv,v2exctlhs_2,quantitative
V-Dem-CY-Full+Others-v16.csv,v2exctlhs_3,quantitative
V-Dem-CY-Full+Others-v16.csv,v2exctlhs_4,quantitative
V-Dem-CY-Full+Others-v16.csv,v2exctlhs_5,quantitative
V-Dem-CY-Full+Others-v16.csv,v2exctlhs_6,quantitative
V-Dem-CY-Full+Others-v16.csv,v2exctlhs_7,quantitative
V-Dem-CY-Full+Others-v16.csv,v2exctlhs_nr,quantitative
V-Dem-CY-Full+Others-v16.csv,v2exrmhsol_0,quantitative
V-Dem-CY-Full+Others-v16.csv,v2exrmhsol_1,quantitative
V-Dem-CY-Full+Others-v16.csv,v2exrmhsol_2,quantitative
V-Dem-CY-Full+Others-v16.csv,v2exrmhsol_3,quantitative
V-Dem-CY-Full+Others-v16.csv,v2exrmhsol_4,quantitative
V-Dem-CY-Full+Others-v16.csv,v2exrmhsol_5,quantitative
V-Dem-CY-Full+Others-v16.csv,v2exrmhsol_6,quantitative
V-Dem-CY-Full+Others-v16.csv,v2exrmhsol_7,quantitative
V-Dem-CY-Full+Others-v16.csv,v2exrmhsol_nr,quantitative
V-Dem-CY-Full+Others-v16.csv,v2exdfcbhs_rec,quantitative
V-Dem-CY-Full+Others-v16.csv,v2exdfcbhs_rec_codelow,categorical
V-Dem-CY-Full+Others-v16.csv,v2exdfcbhs_rec_codehigh,categorical
V-Dem-CY-Full+Others-v16.csv,v2exdfcbhs_rec_sd,quantitative
V-Dem-CY-Full+Others-v16.csv,v2exdfcbhs_rec_osp,quantitative
V-Dem-CY-Full+Others-v16.csv,v2exdfcbhs_rec_osp_codelow,categorical
V-Dem-CY-Full+Others-v16.csv,v2exdfcbhs_rec_osp_codehigh,categorical
V-Dem-CY-Full+Others-v16.csv,v2exdfcbhs_rec_osp_sd,quantitative
V-Dem-CY-Full+Others-v16.csv,v2exdfcbhs_rec_ord,categorical
V-Dem-CY-Full+Others-v16.csv,v2exdfcbhs_rec_ord_codelow,categorical
V-Dem-CY-Full+Others-v16.csv,v2exdfcbhs_rec_ord_codehigh,categorical
V-Dem-CY-Full+Others-v16.csv,v2exdfcbhs_rec_mean,quantitative
V-Dem-CY-Full+Others-v16.csv,v2exdfcbhs_rec_nr,quantitative
V-Dem-CY-Full+Others-v16.csv,v2exnamhog,categorical
V-Dem-CY-Full+Others-v16.csv,v2extithog,categorical
V-Dem-CY-Full+Others-v16.csv,v2exremhog,quantitative
V-Dem-CY-Full+Others-v16.csv,v2exremhog_codelow,categorical
V-Dem-CY-Full+Others-v16.csv,v2exremhog_codehigh,categorical
V-Dem-CY-Full+Others-v16.csv,v2exremhog_sd,quantitative
V-Dem-CY-Full+Others-v16.csv,v2exremhog_osp,quantitative
V-Dem-CY-Full+Others-v16.csv,v2exremhog_osp_codelow,categorical
V-Dem-CY-Full+Others-v16.csv,v2exremhog_osp_codehigh,categorical
V-Dem-CY-Full+Others-v16.csv,v2exremhog_osp_sd,quantitative
V-Dem-CY-Full+Others-v16.csv,v2exremhog_ord,categorical
V-Dem-CY-Full+Others-v16.csv,v2exremhog_ord_codelow,categorical
V-Dem-CY-Full+Others-v16.csv,v2exremhog_ord_codehigh,categorical
V-Dem-CY-Full+Others-v16.csv,v2exremhog_mean,quantitative
V-Dem-CY-Full+Others-v16.csv,v2exremhog_nr,quantitative
V-Dem-CY-Full+Others-v16.csv,v2exdjdshg,quantitative
V-Dem-CY-Full+Others-v16.csv,v2exdjdshg_codelow,categorical
V-Dem-CY-Full+Others-v16.csv,v2exdjdshg_codehigh,categorical
V-Dem-CY-Full+Others-v16.csv,v2exdjdshg_sd,quantitative
V-Dem-CY-Full+Others-v16.csv,v2exdjdshg_osp,quantitative
V-Dem-CY-Full+Others-v16.csv,v2exdjdshg_osp_codelow,categorical
V-Dem-CY-Full+Others-v16.csv,v2exdjdshg_osp_codehigh,categorical
V-Dem-CY-Full+Others-v16.csv,v2exdjdshg_osp_sd,quantitative
V-Dem-CY-Full+Others-v16.csv,v2exdjdshg_ord,categorical
V-Dem-CY-Full+Others-v16.csv,v2exdjdshg_ord_codelow,categorical
V-Dem-CY-Full+Others-v16.csv,v2exdjdshg_ord_codehigh,categorical
V-Dem-CY-Full+Others-v16.csv,v2exdjdshg_mean,quantitative
V-Dem-CY-Full+Others-v16.csv,v2exdjdshg_nr,quantitative
V-Dem-CY-Full+Others-v16.csv,v2exdjcbhg,quantitative
V-Dem-CY-Full+Others-v16.csv,v2exdjcbhg_codelow,categorical
V-Dem-CY-Full+Others-v16.csv,v2exdjcbhg_codehigh,categorical
V-Dem-CY-Full+Others-v16.csv,v2exdjcbhg_sd,quantitative
V-Dem-CY-Full+Others-v16.csv,v2exdjcbhg_osp,quantitative
V-Dem-CY-Full+Others-v16.csv,v2exdjcbhg_osp_codelow,categorical
V-Dem-CY-Full+Others-v16.csv,v2exdjcbhg_osp_codehigh,categorical
V-Dem-CY-Full+Others-v16.csv,v2exdjcbhg_osp_sd,quantitative
V-Dem-CY-Full+Others-v16.csv,v2exdjcbhg_ord,categorical
V-Dem-CY-Full+Others-v16.csv,v2exdjcbhg_ord_codelow,categorical
V-Dem-CY-Full+Others-v16.csv,v2exdjcbhg_ord_codehigh,categorical
V-Dem-CY-Full+Others-v16.csv,v2exdjcbhg_mean,quantitative
V-Dem-CY-Full+Others-v16.csv,v2exdjcbhg_nr,quantitative
V-Dem-CY-Full+Others-v16.csv,v2exdfdshg,quantitative
V-Dem-CY-Full+Others-v16.csv,v2exdfdshg_codelow,categorical
V-Dem-CY-Full+Others-v16.csv,v2exdfdshg_codehigh,categorical
V-Dem-CY-Full+Others-v16.csv,v2exdfdshg_sd,quantitative
V-Dem-CY-Full+Others-v16.csv,v2exdfdshg_osp,quantitative
V-Dem-CY-Full+Others-v16.csv,v2exdfdshg_osp_codelow,categorical
V-Dem-CY-Full+Others-v16.csv,v2exdfdshg_osp_codehigh,categorical
V-Dem-CY-Full+Others-v16.csv,v2exdfdshg_osp_sd,quantitative
V-Dem-CY-Full+Others-v16.csv,v2exdfdshg_ord,categorical
V-Dem-CY-Full+Others-v16.csv,v2exdfdshg_ord_codelow,categorical
V-Dem-CY-Full+Others-v16.csv,v2exdfdshg_ord_codehigh,categorical
V-Dem-CY-Full+Others-v16.csv,v2exdfdshg_mean,quantitative
V-Dem-CY-Full+Others-v16.csv,v2exdfdshg_nr,quantitative
V-Dem-CY-Full+Others-v16.csv,v2exdfvthg,quantitative
V-Dem-CY-Full+Others-v16.csv,v2exdfvthg_codelow,categorical
V-Dem-CY-Full+Others-v16.csv,v2exdfvthg_codehigh,categorical
V-Dem-CY-Full+Others-v16.csv,v2exdfvthg_sd,quantitative
V-Dem-CY-Full+Others-v16.csv,v2exdfvthg_osp,quantitative
V-Dem-CY-Full+Others-v16.csv,v2exdfvthg_osp_codelow,categorical
V-Dem-CY-Full+Others-v16.csv,v2exdfvthg_osp_codehigh,categorical
V-Dem-CY-Full+Others-v16.csv,v2exdfvthg_osp_sd,quantitative
V-Dem-CY-Full+Others-v16.csv,v2exdfvthg_ord,categorical
V-Dem-CY-Full+Others-v16.csv,v2exdfvthg_ord_codelow,categorical
V-Dem-CY-Full+Others-v16.csv,v2exdfvthg_ord_codehigh,categorical
V-Dem-CY-Full+Others-v16.csv,v2exdfvthg_mean,quantitative
V-Dem-CY-Full+Others-v16.csv,v2exdfvthg_nr,quantitative
V-Dem-CY-Full+Others-v16.csv,v2exdfpphg,quantitative
V-Dem-CY-Full+Others-v16.csv,v2exdfpphg_codelow,categorical
V-Dem-CY-Full+Others-v16.csv,v2exdfpphg_codehigh,categorical
V-Dem-CY-Full+Others-v16.csv,v2exdfpphg_sd,quantitative
V-Dem-CY-Full+Others-v16.csv,v2exdfpphg_osp,quantitative
V-Dem-CY-Full+Others-v16.csv,v2exdfpphg_osp_codelow,categorical
V-Dem-CY-Full+Others-v16.csv,v2exdfpphg_osp_codehigh,categorical
V-Dem-CY-Full+Others-v16.csv,v2exdfpphg_osp_sd,quantitative
V-Dem-CY-Full+Others-v16.csv,v2exdfpphg_ord,categorical
V-Dem-CY-Full+Others-v16.csv,v2exdfpphg_ord_codelow,categorical
V-Dem-CY-Full+Others-v16.csv,v2exdfpphg_ord_codehigh,categorical
V-Dem-CY-Full+Others-v16.csv,v2exdfpphg_mean,quantitative
V-Dem-CY-Full+Others-v16.csv,v2exdfpphg_nr,quantitative
V-Dem-CY-Full+Others-v16.csv,v2exagehog,quantitative
V-Dem-CY-Full+Others-v16.csv,v2exaphogp,categorical
V-Dem-CY-Full+Others-v16.csv,v2ex_elechog,categorical
V-Dem-CY-Full+Others-v16.csv,v2exfemhog,categorical
V-Dem-CY-Full+Others-v16.csv,v2exfxtmhg,categorical
V-Dem-CY-Full+Others-v16.csv,v2ex_hogw,categorical
V-Dem-CY-Full+Others-v16.csv,v2ex_hosconhog,categorical
V-Dem-CY-Full+Others-v16.csv,v2expathhg,categorical
V-Dem-CY-Full+Others-v16.csv,v2expothog,categorical
V-Dem-CY-Full+Others-v16.csv,v2exdeathog,quantitative
V-Dem-CY-Full+Others-v16.csv,v2exctlhg_0,quantitative
V-Dem-CY-Full+Others-v16.csv,v2exctlhg_1,quantitative
V-Dem-CY-Full+Others-v16.csv,v2exctlhg_2,quantitative
V-Dem-CY-Full+Others-v16.csv,v2exctlhg_3,quantitative
V-Dem-CY-Full+Others-v16.csv,v2exctlhg_4,quantitative
V-Dem-CY-Full+Others-v16.csv,v2exctlhg_5,quantitative
V-Dem-CY-Full+Others-v16.csv,v2exctlhg_6,quantitative
V-Dem-CY-Full+Others-v16.csv,v2exctlhg_7,quantitative
V-Dem-CY-Full+Others-v16.csv,v2exctlhg_8,quantitative
V-Dem-CY-Full+Others-v16.csv,v2exctlhg_nr,quantitative
V-Dem-CY-Full+Others-v16.csv,v2exrmhgnp_0,quantitative
V-Dem-CY-Full+Others-v16.csv,v2exrmhgnp_1,quantitative
V-Dem-CY-Full+Others-v16.csv,v2exrmhgnp_2,quantitative
V-Dem-CY-Full+Others-v16.csv,v2exrmhgnp_3,quantitative
V-Dem-CY-Full+Others-v16.csv,v2exrmhgnp_4,quantitative
V-Dem-CY-Full+Others-v16.csv,v2exrmhgnp_5,quantitative
V-Dem-CY-Full+Others-v16.csv,v2exrmhgnp_6,quantitative
V-Dem-CY-Full+Others-v16.csv,v2exrmhgnp_7,quantitative
V-Dem-CY-Full+Others-v16.csv,v2exrmhgnp_8,quantitative
V-Dem-CY-Full+Others-v16.csv,v2exrmhgnp_nr,quantitative
V-Dem-CY-Full+Others-v16.csv,v2exrescon,quantitative
V-Dem-CY-Full+Others-v16.csv,v2exrescon_codelow,categorical
V-Dem-CY-Full+Others-v16.csv,v2exrescon_codehigh,categorical
V-Dem-CY-Full+Others-v16.csv,v2exrescon_sd,quantitative
V-Dem-CY-Full+Others-v16.csv,v2exrescon_osp,quantitative
V-Dem-CY-Full+Others-v16.csv,v2exrescon_osp_codelow,categorical
V-Dem-CY-Full+Others-v16.csv,v2exrescon_osp_codehigh,categorical
V-Dem-CY-Full+Others-v16.csv,v2exrescon_osp_sd,quantitative
V-Dem-CY-Full+Others-v16.csv,v2exrescon_ord,categorical
V-Dem-CY-Full+Others-v16.csv,v2exrescon_ord_codelow,categorical
V-Dem-CY-Full+Others-v16.csv,v2exrescon_ord_codehigh,categorical
V-Dem-CY-Full+Others-v16.csv,v2exrescon_mean,quantitative
V-Dem-CY-Full+Others-v16.csv,v2exrescon_nr,quantitative
V-Dem-CY-Full+Others-v16.csv,v2exbribe,quantitative
V-Dem-CY-Full+Others-v16.csv,v2exbribe_codelow,categorical
V-Dem-CY-Full+Others-v16.csv,v2exbribe_codehigh,categorical
V-Dem-CY-Full+Others-v16.csv,v2exbribe_sd,quantitative
V-Dem-CY-Full+Others-v16.csv,v2exbribe_osp,quantitative
V-Dem-CY-Full+Others-v16.csv,v2exbribe_osp_codelow,categorical
V-Dem-CY-Full+Others-v16.csv,v2exbribe_osp_codehigh,categorical
V-Dem-CY-Full+Others-v16.csv,v2exbribe_osp_sd,quantitative
V-Dem-CY-Full+Others-v16.csv,v2exbribe_ord,categorical
V-Dem-CY-Full+Others-v16.csv,v2exbribe_ord_codelow,categorical
V-Dem-CY-Full+Others-v16.csv,v2exbribe_ord_codehigh,categorical
V-Dem-CY-Full+Others-v16.csv,v2exbribe_mean,quantitative
V-Dem-CY-Full+Others-v16.csv,v2exbribe_nr,quantitative
V-Dem-CY-Full+Others-v16.csv,v2exembez,quantitative
V-Dem-CY-Full+Others-v16.csv,v2exembez_codelow,categorical
V-Dem-CY-Full+Others-v16.csv,v2exembez_codehigh,categorical
V-Dem-CY-Full+Others-v16.csv,v2exembez_sd,quantitative
V-Dem-CY-Full+Others-v16.csv,v2exembez_osp,quantitative
V-Dem-CY-Full+Others-v16.csv,v2exembez_osp_codelow,categorical
V-Dem-CY-Full+Others-v16.csv,v2exembez_osp_codehigh,categorical
V-Dem-CY-Full+Others-v16.csv,v2exembez_osp_sd,quantitative
V-Dem-CY-Full+Others-v16.csv,v2exembez_ord,categorical
V-Dem-CY-Full+Others-v16.csv,v2exembez_ord_codelow,categorical
V-Dem-CY-Full+Others-v16.csv,v2exembez_ord_codehigh,categorical
V-Dem-CY-Full+Others-v16.csv,v2exembez_mean,quantitative
V-Dem-CY-Full+Others-v16.csv,v2exembez_nr,quantitative
V-Dem-CY-Full+Others-v16.csv,v2excrptps,quantitative
V-Dem-CY-Full+Others-v16.csv,v2excrptps_codelow,categorical
V-Dem-CY-Full+Others-v16.csv,v2excrptps_codehigh,categorical
V-Dem-CY-Full+Others-v16.csv,v2excrptps_sd,quantitative
V-Dem-CY-Full+Others-v16.csv,v2excrptps_osp,quantitative
V-Dem-CY-Full+Others-v16.csv,v2excrptps_osp_codelow,categorical
V-Dem-CY-Full+Others-v16.csv,v2excrptps_osp_codehigh,categorical
V-Dem-CY-Full+Others-v16.csv,v2excrptps_osp_sd,quantitative
V-Dem-CY-Full+Others-v16.csv,v2excrptps_ord,categorical
V-Dem-CY-Full+Others-v16.csv,v2excrptps_ord_codelow,categorical
V-Dem-CY-Full+Others-v16.csv,v2excrptps_ord_codehigh,categorical
V-Dem-CY-Full+Others-v16.csv,v2excrptps_mean,quantitative
V-Dem-CY-Full+Others-v16.csv,v2excrptps_nr,quantitative
V-Dem-CY-Full+Others-v16.csv,v2exthftps,quantitative
V-Dem-CY-Full+Others-v16.csv,v2exthftps_codelow,categorical
V-Dem-CY-Full+Others-v16.csv,v2exthftps_codehigh,categorical
V-Dem-CY-Full+Others-v16.csv,v2exthftps_sd,quantitative
V-Dem-CY-Full+Others-v16.csv,v2exthftps_osp,quantitative
V-Dem-CY-Full+Others-v16.csv,v2exthftps_osp_codelow,categorical
V-Dem-CY-Full+Others-v16.csv,v2exthftps_osp_codehigh,categorical
V-Dem-CY-Full+Others-v16.csv,v2exthftps_osp_sd,quantitative
V-Dem-CY-Full+Others-v16.csv,v2exthftps_ord,categorical
V-Dem-CY-Full+Others-v16.csv,v2exthftps_ord_codelow,categorical
V-Dem-CY-Full+Others-v16.csv,v2exthftps_ord_codehigh,categorical
V-Dem-CY-Full+Others-v16.csv,v2exthftps_mean,quantitative
V-Dem-CY-Full+Others-v16.csv,v2exthftps_nr,quantitative
V-Dem-CY-Full+Others-v16.csv,v2exapup,categorical
V-Dem-CY-Full+Others-v16.csv,v2exapupap,categorical
V-Dem-CY-Full+Others-v16.csv,v2reginfo,categorical
V-Dem-CY-Full+Others-v16.csv,v2regendtype,categorical
V-Dem-CY-Full+Others-v16.csv,v2regint,categorical
V-Dem-CY-Full+Others-v16.csv,v2regidnr,categorical
V-Dem-CY-Full+Others-v16.csv,v2regdur,quantitative
V-Dem-CY-Full+Others-v16.csv,v2regimpgroup,categorical
V-Dem-CY-Full+Others-v16.csv,v2regimpgroup_nr,categorical
V-Dem-CY-Full+Others-v16.csv,v2regsupgroupssize,categorical
V-Dem-CY-Full+Others-v16.csv,v2regsupgroupssize_codelow,categorical
V-Dem-CY-Full+Others-v16.csv,v2regsupgroupssize_codehigh,categorical
V-Dem-CY-Full+Others-v16.csv,v2regsupgroupssize_sd,categorical
V-Dem-CY-Full+Others-v16.csv,v2regsupgroupssize_osp,categorical
V-Dem-CY-Full+Others-v16.csv,v2regsupgroupssize_osp_codelow,categorical
V-Dem-CY-Full+Others-v16.csv,v2regsupgroupssize_osp_codehigh,categorical
V-Dem-CY-Full+Others-v16.csv,v2regsupgroupssize_osp_sd,categorical
V-Dem-CY-Full+Others-v16.csv,v2regsupgroupssize_ord,categorical
V-Dem-CY-Full+Others-v16.csv,v2regsupgroupssize_ord_codelow,categorical
V-Dem-CY-Full+Others-v16.csv,v2regsupgroupssize_ord_codehigh,categorical
V-Dem-CY-Full+Others-v16.csv,v2regsupgroupssize_mean,categorical
V-Dem-CY-Full+Others-v16.csv,v2regsupgroupssize_nr,categorical
V-Dem-CY-Full+Others-v16.csv,v2regsuploc,categorical
V-Dem-CY-Full+Others-v16.csv,v2regsuploc_nr,quantitative
V-Dem-CY-Full+Others-v16.csv,v2regimpoppgroup,categorical
V-Dem-CY-Full+Others-v16.csv,v2regimpoppgroup_nr,categorical
V-Dem-CY-Full+Others-v16.csv,v2regoppgroupssize,categorical
V-Dem-CY-Full+Others-v16.csv,v2regoppgroupssize_codelow,categorical
V-Dem-CY-Full+Others-v16.csv,v2regoppgroupssize_codehigh,categorical
V-Dem-CY-Full+Others-v16.csv,v2regoppgroupssize_sd,categorical
V-Dem-CY-Full+Others-v16.csv,v2regoppgroupssize_osp,categorical
V-Dem-CY-Full+Others-v16.csv,v2regoppgroupssize_osp_codelow,categorical
V-Dem-CY-Full+Others-v16.csv,v2regoppgroupssize_osp_codehigh,categorical
V-Dem-CY-Full+Others-v16.csv,v2regoppgroupssize_osp_sd,categorical
V-Dem-CY-Full+Others-v16.csv,v2regoppgroupssize_ord,categorical
V-Dem-CY-Full+Others-v16.csv,v2regoppgroupssize_ord_codelow,categorical
V-Dem-CY-Full+Others-v16.csv,v2regoppgroupssize_ord_codehigh,categorical
V-Dem-CY-Full+Others-v16.csv,v2regoppgroupssize_mean,categorical
V-Dem-CY-Full+Others-v16.csv,v2regoppgroupssize_nr,categorical
V-Dem-CY-Full+Others-v16.csv,v2regopploc,categorical
V-Dem-CY-Full+Others-v16.csv,v2regopploc_nr,quantitative
V-Dem-CY-Full+Others-v16.csv,v2regproreg,quantitative
V-Dem-CY-Full+Others-v16.csv,v2regproreg_nr,quantitative
V-Dem-CY-Full+Others-v16.csv,v2regantireg,quantitative
V-Dem-CY-Full+Others-v16.csv,v2regantireg_nr,quantitative
V-Dem-CY-Full+Others-v16.csv,v2regpower,quantitative
V-Dem-CY-Full+Others-v16.csv,v2regpower_nr,quantitative
V-Dem-CY-Full+Others-v16.csv,v2regendtypems_0,categorical
V-Dem-CY-Full+Others-v16.csv,v2regendtypems_1,categorical
V-Dem-CY-Full+Others-v16.csv,v2regendtypems_2,categorical
V-Dem-CY-Full+Others-v16.csv,v2regendtypems_3,categorical
V-Dem-CY-Full+Others-v16.csv,v2regendtypems_4,categorical
V-Dem-CY-Full+Others-v16.csv,v2regendtypems_5,categorical
V-Dem-CY-Full+Others-v16.csv,v2regendtypems_6,categorical
V-Dem-CY-Full+Others-v16.csv,v2regendtypems_7,categorical
V-Dem-CY-Full+Others-v16.csv,v2regendtypems_8,categorical
V-Dem-CY-Full+Others-v16.csv,v2regendtypems_9,categorical
V-Dem-CY-Full+Others-v16.csv,v2regendtypems_10,categorical
V-Dem-CY-Full+Others-v16.csv,v2regendtypems_11,categorical
V-Dem-CY-Full+Others-v16.csv,v2regendtypems_12,categorical
V-Dem-CY-Full+Others-v16.csv,v2regsupgroups_0,categorical
V-Dem-CY-Full+Others-v16.csv,v2regsupgroups_1,categorical
V-Dem-CY-Full+Others-v16.csv,v2regsupgroups_2,categorical
V-Dem-CY-Full+Others-v16.csv,v2regsupgroups_3,categorical
V-Dem-CY-Full+Others-v16.csv,v2regsupgroups_4,categorical
V-Dem-CY-Full+Others-v16.csv,v2regsupgroups_5,categorical
V-Dem-CY-Full+Others-v16.csv,v2regsupgroups_6,categorical
V-Dem-CY-Full+Others-v16.csv,v2regsupgroups_7,categorical
V-Dem-CY-Full+Others-v16.csv,v2regsupgroups_8,categorical
V-Dem-CY-Full+Others-v16.csv,v2regsupgroups_9,categorical
V-Dem-CY-Full+Others-v16.csv,v2regsupgroups_10,categorical
V-Dem-CY-Full+Others-v16.csv,v2regsupgroups_11,categorical
V-Dem-CY-Full+Others-v16.csv,v2regsupgroups_12,categorical
V-Dem-CY-Full+Others-v16.csv,v2regsupgroups_13,categorical
V-Dem-CY-Full+Others-v16.csv,v2regsupgroups_nr,categorical
V-Dem-CY-Full+Others-v16.csv,v2regendtypems_13,categorical
V-Dem-CY-Full+Others-v16.csv,v2regoppgroupsact_0,categorical
V-Dem-CY-Full+Others-v16.csv,v2regoppgroupsact_1,categorical
V-Dem-CY-Full+Others-v16.csv,v2regoppgroupsact_2,categorical
V-Dem-CY-Full+Others-v16.csv,v2regoppgroupsact_3,categorical
V-Dem-CY-Full+Others-v16.csv,v2regoppgroupsact_4,categorical
V-Dem-CY-Full+Others-v16.csv,v2regoppgroupsact_5,categorical
V-Dem-CY-Full+Others-v16.csv,v2regoppgroupsact_6,categorical
V-Dem-CY-Full+Others-v16.csv,v2regoppgroupsact_7,categorical
V-Dem-CY-Full+Others-v16.csv,v2regoppgroupsact_8,categorical
V-Dem-CY-Full+Others-v16.csv,v2regoppgroupsact_9,categorical
V-Dem-CY-Full+Others-v16.csv,v2regoppgroupsact_10,categorical
V-Dem-CY-Full+Others-v16.csv,v2regoppgroupsact_11,categorical
V-Dem-CY-Full+Others-v16.csv,v2regoppgroupsact_12,categorical
V-Dem-CY-Full+Others-v16.csv,v2regoppgroupsact_13,categorical
V-Dem-CY-Full+Others-v16.csv,v2regoppgroupsact_nr,categorical
V-Dem-CY-Full+Others-v16.csv,v2regoppgroups_0,categorical
V-Dem-CY-Full+Others-v16.csv,v2regoppgroups_1,categorical
V-Dem-CY-Full+Others-v16.csv,v2regoppgroups_2,categorical
V-Dem-CY-Full+Others-v16.csv,v2regoppgroups_3,categorical
V-Dem-CY-Full+Others-v16.csv,v2regoppgroups_4,categorical
V-Dem-CY-Full+Others-v16.csv,v2regoppgroups_5,categorical
V-Dem-CY-Full+Others-v16.csv,v2regoppgroups_6,categorical
V-Dem-CY-Full+Others-v16.csv,v2regoppgroups_7,categorical
V-Dem-CY-Full+Others-v16.csv,v2regoppgroups_8,categorical
V-Dem-CY-Full+Others-v16.csv,v2regoppgroups_9,categorical
V-Dem-CY-Full+Others-v16.csv,v2regoppgroups_10,categorical
V-Dem-CY-Full+Others-v16.csv,v2regoppgroups_11,categorical
V-Dem-CY-Full+Others-v16.csv,v2regoppgroups_12,categorical
V-Dem-CY-Full+Others-v16.csv,v2regoppgroups_13,categorical
V-Dem-CY-Full+Others-v16.csv,v2regoppgroups_nr,categorical
V-Dem-CY-Full+Others-v16.csv,v2lgbicam,categorical
V-Dem-CY-Full+Others-v16.csv,v2lgdomchm,quantitative
V-Dem-CY-Full+Others-v16.csv,v2lgdomchm_codelow,categorical
V-Dem-CY-Full+Others-v16.csv,v2lgdomchm_codehigh,categorical
V-Dem-CY-Full+Others-v16.csv,v2lgdomchm_sd,quantitative
V-Dem-CY-Full+Others-v16.csv,v2lgdomchm_osp,quantitative
V-Dem-CY-Full+Others-v16.csv,v2lgdomchm_osp_codelow,categorical
V-Dem-CY-Full+Others-v16.csv,v2lgdomchm_osp_codehigh,categorical
V-Dem-CY-Full+Others-v16.csv,v2lgdomchm_osp_sd,quantitative
V-Dem-CY-Full+Others-v16.csv,v2lgdomchm_ord,categorical
V-Dem-CY-Full+Others-v16.csv,v2lgdomchm_ord_codelow,categorical
V-Dem-CY-Full+Others-v16.csv,v2lgdomchm_ord_codehigh,categorical
V-Dem-CY-Full+Others-v16.csv,v2lgdomchm_mean,quantitative
V-Dem-CY-Full+Others-v16.csv,v2lgdomchm_nr,quantitative
V-Dem-CY-Full+Others-v16.csv,v2lgqstexp,quantitative
V-Dem-CY-Full+Others-v16.csv,v2lgqstexp_codelow,categorical
V-Dem-CY-Full+Others-v16.csv,v2lgqstexp_codehigh,categorical
V-Dem-CY-Full+Others-v16.csv,v2lgqstexp_sd,quantitative
V-Dem-CY-Full+Others-v16.csv,v2lgqstexp_osp,quantitative
V-Dem-CY-Full+Others-v16.csv,v2lgqstexp_osp_codelow,categorical
V-Dem-CY-Full+Others-v16.csv,v2lgqstexp_osp_codehigh,categorical
V-Dem-CY-Full+Others-v16.csv,v2lgqstexp_osp_sd,quantitative
V-Dem-CY-Full+Others-v16.csv,v2lgqstexp_ord,categorical
V-Dem-CY-Full+Others-v16.csv,v2lgqstexp_ord_codelow,categorical
V-Dem-CY-Full+Others-v16.csv,v2lgqstexp_ord_codehigh,categorical
V-Dem-CY-Full+Others-v16.csv,v2lgqstexp_mean,quantitative
V-Dem-CY-Full+Others-v16.csv,v2lgqstexp_nr,quantitative
V-Dem-CY-Full+Others-v16.csv,v2lginvstp,quantitative
V-Dem-CY-Full+Others-v16.csv,v2lginvstp_codelow,categorical
V-Dem-CY-Full+Others-v16.csv,v2lginvstp_codehigh,categorical
V-Dem-CY-Full+Others-v16.csv,v2lginvstp_sd,quantitative
V-Dem-CY-Full+Others-v16.csv,v2lginvstp_osp,quantitative
V-Dem-CY-Full+Others-v16.csv,v2lginvstp_osp_codelow,categorical
V-Dem-CY-Full+Others-v16.csv,v2lginvstp_osp_codehigh,categorical
V-Dem-CY-Full+Others-v16.csv,v2lginvstp_osp_sd,quantitative
V-Dem-CY-Full+Others-v16.csv,v2lginvstp_ord,categorical
V-Dem-CY-Full+Others-v16.csv,v2lginvstp_ord_codelow,categorical
V-Dem-CY-Full+Others-v16.csv,v2lginvstp_ord_codehigh,categorical
V-Dem-CY-Full+Others-v16.csv,v2lginvstp_mean,quantitative
V-Dem-CY-Full+Others-v16.csv,v2lginvstp_nr,quantitative
V-Dem-CY-Full+Others-v16.csv,v2lgotovst,quantitative
V-Dem-CY-Full+Others-v16.csv,v2lgotovst_codelow,categorical
V-Dem-CY-Full+Others-v16.csv,v2lgotovst_codehigh,categorical
V-Dem-CY-Full+Others-v16.csv,v2lgotovst_sd,quantitative
V-Dem-CY-Full+Others-v16.csv,v2lgotovst_osp,quantitative
V-Dem-CY-Full+Others-v16.csv,v2lgotovst_osp_codelow,categorical
V-Dem-CY-Full+Others-v16.csv,v2lgotovst_osp_codehigh,categorical
V-Dem-CY-Full+Others-v16.csv,v2lgotovst_osp_sd,quantitative
V-Dem-CY-Full+Others-v16.csv,v2lgotovst_ord,categorical
V-Dem-CY-Full+Others-v16.csv,v2lgotovst_ord_codelow,categorical
V-Dem-CY-Full+Others-v16.csv,v2lgotovst_ord_codehigh,categorical
V-Dem-CY-Full+Others-v16.csv,v2lgotovst_mean,quantitative
V-Dem-CY-Full+Others-v16.csv,v2lgotovst_nr,quantitative
V-Dem-CY-Full+Others-v16.csv,v2lgcrrpt,quantitative
V-Dem-CY-Full+Others-v16.csv,v2lgcrrpt_codelow,categorical
V-Dem-CY-Full+Others-v16.csv,v2lgcrrpt_codehigh,categorical
V-Dem-CY-Full+Others-v16.csv,v2lgcrrpt_sd,quantitative
V-Dem-CY-Full+Others-v16.csv,v2lgcrrpt_osp,quantitative
V-Dem-CY-Full+Others-v16.csv,v2lgcrrpt_osp_codelow,categorical
V-Dem-CY-Full+Others-v16.csv,v2lgcrrpt_osp_codehigh,categorical
V-Dem-CY-Full+Others-v16.csv,v2lgcrrpt_osp_sd,quantitative
V-Dem-CY-Full+Others-v16.csv,v2lgcrrpt_ord,categorical
V-Dem-CY-Full+Others-v16.csv,v2lgcrrpt_ord_codelow,categorical
V-Dem-CY-Full+Others-v16.csv,v2lgcrrpt_ord_codehigh,categorical
V-Dem-CY-Full+Others-v16.csv,v2lgcrrpt_mean,quantitative
V-Dem-CY-Full+Others-v16.csv,v2lgcrrpt_nr,quantitative
V-Dem-CY-Full+Others-v16.csv,v2lgoppart,quantitative
V-Dem-CY-Full+Others-v16.csv,v2lgoppart_codelow,categorical
V-Dem-CY-Full+Others-v16.csv,v2lgoppart_codehigh,categorical
V-Dem-CY-Full+Others-v16.csv,v2lgoppart_sd,quantitative
V-Dem-CY-Full+Others-v16.csv,v2lgoppart_osp,quantitative
V-Dem-CY-Full+Others-v16.csv,v2lgoppart_osp_codelow,categorical
V-Dem-CY-Full+Others-v16.csv,v2lgoppart_osp_codehigh,categorical
V-Dem-CY-Full+Others-v16.csv,v2lgoppart_osp_sd,quantitative
V-Dem-CY-Full+Others-v16.csv,v2lgoppart_ord,categorical
V-Dem-CY-Full+Others-v16.csv,v2lgoppart_ord_codelow,categorical
V-Dem-CY-Full+Others-v16.csv,v2lgoppart_ord_codehigh,categorical
V-Dem-CY-Full+Others-v16.csv,v2lgoppart_mean,quantitative
V-Dem-CY-Full+Others-v16.csv,v2lgoppart_nr,quantitative
V-Dem-CY-Full+Others-v16.csv,v2lgfunds,quantitative
V-Dem-CY-Full+Others-v16.csv,v2lgfunds_codelow,categorical
V-Dem-CY-Full+Others-v16.csv,v2lgfunds_codehigh,categorical
V-Dem-CY-Full+Others-v16.csv,v2lgfunds_sd,quantitative
V-Dem-CY-Full+Others-v16.csv,v2lgfunds_osp,quantitative
V-Dem-CY-Full+Others-v16.csv,v2lgfunds_osp_codelow,categorical
V-Dem-CY-Full+Others-v16.csv,v2lgfunds_osp_codehigh,categorical
V-Dem-CY-Full+Others-v16.csv,v2lgfunds_osp_sd,quantitative
V-Dem-CY-Full+Others-v16.csv,v2lgfunds_ord,categorical
V-Dem-CY-Full+Others-v16.csv,v2lgfunds_ord_codelow,categorical
V-Dem-CY-Full+Others-v16.csv,v2lgfunds_ord_codehigh,categorical
V-Dem-CY-Full+Others-v16.csv,v2lgfunds_mean,quantitative
V-Dem-CY-Full+Others-v16.csv,v2lgfunds_nr,quantitative
V-Dem-CY-Full+Others-v16.csv,v2lgdsadlo,quantitative
V-Dem-CY-Full+Others-v16.csv,v2lgdsadlo_codelow,categorical
V-Dem-CY-Full+Others-v16.csv,v2lgdsadlo_codehigh,categorical
V-Dem-CY-Full+Others-v16.csv,v2lgdsadlo_sd,quantitative
V-Dem-CY-Full+Others-v16.csv,v2lgdsadlo_osp,quantitative
V-Dem-CY-Full+Others-v16.csv,v2lgdsadlo_osp_codelow,categorical
V-Dem-CY-Full+Others-v16.csv,v2lgdsadlo_osp_codehigh,categorical
V-Dem-CY-Full+Others-v16.csv,v2lgdsadlo_osp_sd,quantitative
V-Dem-CY-Full+Others-v16.csv,v2lgdsadlo_ord,categorical
V-Dem-CY-Full+Others-v16.csv,v2lgdsadlo_ord_codelow,categorical
V-Dem-CY-Full+Others-v16.csv,v2lgdsadlo_ord_codehigh,categorical
V-Dem-CY-Full+Others-v16.csv,v2lgdsadlo_mean,quantitative
V-Dem-CY-Full+Others-v16.csv,v2lgdsadlo_nr,quantitative
V-Dem-CY-Full+Others-v16.csv,v2lgdsadlobin,quantitative
V-Dem-CY-Full+Others-v16.csv,v2lgdsadlobin_codelow,categorical
V-Dem-CY-Full+Others-v16.csv,v2lgdsadlobin_codehigh,categorical
V-Dem-CY-Full+Others-v16.csv,v2lgdsadlobin_sd,quantitative
V-Dem-CY-Full+Others-v16.csv,v2lgdsadlobin_osp,quantitative
V-Dem-CY-Full+Others-v16.csv,v2lgdsadlobin_osp_codelow,categorical
V-Dem-CY-Full+Others-v16.csv,v2lgdsadlobin_osp_codehigh,categorical
V-Dem-CY-Full+Others-v16.csv,v2lgdsadlobin_osp_sd,quantitative
V-Dem-CY-Full+Others-v16.csv,v2lgdsadlobin_ord,categorical
V-Dem-CY-Full+Others-v16.csv,v2lgdsadlobin_ord_codelow,categorical
V-Dem-CY-Full+Others-v16.csv,v2lgdsadlobin_ord_codehigh,categorical
V-Dem-CY-Full+Others-v16.csv,v2lgdsadlobin_mean,quantitative
V-Dem-CY-Full+Others-v16.csv,v2lgdsadlobin_nr,quantitative
V-Dem-CY-Full+Others-v16.csv,v2lgtreaty,categorical
V-Dem-CY-Full+Others-v16.csv,v2lgwarlaw,categorical
V-Dem-CY-Full+Others-v16.csv,v2ex_legconhog,categorical
V-Dem-CY-Full+Others-v16.csv,v2ex_legconhos,categorical
V-Dem-CY-Full+Others-v16.csv,v2ex_hosw,categorical
V-Dem-CY-Full+Others-v16.csv,v2lgnameup,categorical
V-Dem-CY-Full+Others-v16.csv,v2lglegpup,quantitative
V-Dem-CY-Full+Others-v16.csv,v2lglegpup_codelow,categorical
V-Dem-CY-Full+Others-v16.csv,v2lglegpup_codehigh,categorical
V-Dem-CY-Full+Others-v16.csv,v2lglegpup_sd,quantitative
V-Dem-CY-Full+Others-v16.csv,v2lglegpup_osp,quantitative
V-Dem-CY-Full+Others-v16.csv,v2lglegpup_osp_codelow,categorical
V-Dem-CY-Full+Others-v16.csv,v2lglegpup_osp_codehigh,categorical
V-Dem-CY-Full+Others-v16.csv,v2lglegpup_osp_sd,quantitative
V-Dem-CY-Full+Others-v16.csv,v2lglegpup_ord,categorical
V-Dem-CY-Full+Others-v16.csv,v2lglegpup_ord_codelow,categorical
V-Dem-CY-Full+Others-v16.csv,v2lglegpup_ord_codehigh,categorical
V-Dem-CY-Full+Others-v16.csv,v2lglegpup_mean,quantitative
V-Dem-CY-Full+Others-v16.csv,v2lglegpup_nr,quantitative
V-Dem-CY-Full+Others-v16.csv,v2lgelecup,quantitative
V-Dem-CY-Full+Others-v16.csv,v2lgintbup,categorical
V-Dem-CY-Full+Others-v16.csv,v2lginelup,quantitative
V-Dem-CY-Full+Others-v16.csv,v2lgnamelo,categorical
V-Dem-CY-Full+Others-v16.csv,v2lglegplo,quantitative
V-Dem-CY-Full+Others-v16.csv,v2lglegplo_codelow,categorical
V-Dem-CY-Full+Others-v16.csv,v2lglegplo_codehigh,categorical
V-Dem-CY-Full+Others-v16.csv,v2lglegplo_sd,quantitative
V-Dem-CY-Full+Others-v16.csv,v2lglegplo_osp,quantitative
V-Dem-CY-Full+Others-v16.csv,v2lglegplo_osp_codelow,categorical
V-Dem-CY-Full+Others-v16.csv,v2lglegplo_osp_codehigh,categorical
V-Dem-CY-Full+Others-v16.csv,v2lglegplo_osp_sd,quantitative
V-Dem-CY-Full+Others-v16.csv,v2lglegplo_ord,categorical
V-Dem-CY-Full+Others-v16.csv,v2lglegplo_ord_codelow,categorical
V-Dem-CY-Full+Others-v16.csv,v2lglegplo_ord_codehigh,categorical
V-Dem-CY-Full+Others-v16.csv,v2lglegplo_mean,quantitative
V-Dem-CY-Full+Others-v16.csv,v2lglegplo_nr,quantitative
V-Dem-CY-Full+Others-v16.csv,v2lgcomslo,quantitative
V-Dem-CY-Full+Others-v16.csv,v2lgcomslo_codelow,categorical
V-Dem-CY-Full+Others-v16.csv,v2lgcomslo_codehigh,categorical
V-Dem-CY-Full+Others-v16.csv,v2lgcomslo_sd,quantitative
V-Dem-CY-Full+Others-v16.csv,v2lgcomslo_osp,quantitative
V-Dem-CY-Full+Others-v16.csv,v2lgcomslo_osp_codelow,categorical
V-Dem-CY-Full+Others-v16.csv,v2lgcomslo_osp_codehigh,categorical
V-Dem-CY-Full+Others-v16.csv,v2lgcomslo_osp_sd,quantitative
V-Dem-CY-Full+Others-v16.csv,v2lgcomslo_ord,categorical
V-Dem-CY-Full+Others-v16.csv,v2lgcomslo_ord_codelow,categorical
V-Dem-CY-Full+Others-v16.csv,v2lgcomslo_ord_codehigh,categorical
V-Dem-CY-Full+Others-v16.csv,v2lgcomslo_mean,quantitative
V-Dem-CY-Full+Others-v16.csv,v2lgcomslo_nr,quantitative
V-Dem-CY-Full+Others-v16.csv,v2lgsrvlo,quantitative
V-Dem-CY-Full+Others-v16.csv,v2lgsrvlo_codelow,categorical
V-Dem-CY-Full+Others-v16.csv,v2lgsrvlo_codehigh,categorical
V-Dem-CY-Full+Others-v16.csv,v2lgsrvlo_sd,quantitative
V-Dem-CY-Full+Others-v16.csv,v2lgsrvlo_osp,quantitative
V-Dem-CY-Full+Others-v16.csv,v2lgsrvlo_osp_codelow,categorical
V-Dem-CY-Full+Others-v16.csv,v2lgsrvlo_osp_codehigh,categorical
V-Dem-CY-Full+Others-v16.csv,v2lgsrvlo_osp_sd,quantitative
V-Dem-CY-Full+Others-v16.csv,v2lgsrvlo_ord,categorical
V-Dem-CY-Full+Others-v16.csv,v2lgsrvlo_ord_codelow,categorical
V-Dem-CY-Full+Others-v16.csv,v2lgsrvlo_ord_codehigh,categorical
V-Dem-CY-Full+Others-v16.csv,v2lgsrvlo_mean,quantitative
V-Dem-CY-Full+Others-v16.csv,v2lgsrvlo_nr,quantitative
V-Dem-CY-Full+Others-v16.csv,v2lgstafflo,quantitative
V-Dem-CY-Full+Others-v16.csv,v2lgstafflo_codelow,categorical
V-Dem-CY-Full+Others-v16.csv,v2lgstafflo_codehigh,categorical
V-Dem-CY-Full+Others-v16.csv,v2lgstafflo_sd,quantitative
V-Dem-CY-Full+Others-v16.csv,v2lgstafflo_osp,quantitative
V-Dem-CY-Full+Others-v16.csv,v2lgstafflo_osp_codelow,categorical
V-Dem-CY-Full+Others-v16.csv,v2lgstafflo_osp_codehigh,categorical
V-Dem-CY-Full+Others-v16.csv,v2lgstafflo_osp_sd,quantitative
V-Dem-CY-Full+Others-v16.csv,v2lgstafflo_ord,categorical
V-Dem-CY-Full+Others-v16.csv,v2lgstafflo_ord_codelow,categorical
V-Dem-CY-Full+Others-v16.csv,v2lgstafflo_ord_codehigh,categorical
V-Dem-CY-Full+Others-v16.csv,v2lgstafflo_mean,quantitative
V-Dem-CY-Full+Others-v16.csv,v2lgstafflo_nr,quantitative
V-Dem-CY-Full+Others-v16.csv,v2lgqugen,categorical
V-Dem-CY-Full+Others-v16.csv,v2lgqugens,categorical
V-Dem-CY-Full+Others-v16.csv,v2lgintblo,categorical
V-Dem-CY-Full+Others-v16.csv,v2lgqugent,quantitative
V-Dem-CY-Full+Others-v16.csv,v2lgello,quantitative
V-Dem-CY-Full+Others-v16.csv,v2lgfemleg,quantitative
V-Dem-CY-Full+Others-v16.csv,v2lginello,quantitative
V-Dem-CY-Full+Others-v16.csv,v2dlreason,quantitative
V-Dem-CY-Full+Others-v16.csv,v2dlreason_codelow,categorical
V-Dem-CY-Full+Others-v16.csv,v2dlreason_codehigh,categorical
V-Dem-CY-Full+Others-v16.csv,v2dlreason_sd,quantitative
V-Dem-CY-Full+Others-v16.csv,v2dlreason_osp,quantitative
V-Dem-CY-Full+Others-v16.csv,v2dlreason_osp_codelow,categorical
V-Dem-CY-Full+Others-v16.csv,v2dlreason_osp_codehigh,categorical
V-Dem-CY-Full+Others-v16.csv,v2dlreason_osp_sd,quantitative
V-Dem-CY-Full+Others-v16.csv,v2dlreason_ord,categorical
V-Dem-CY-Full+Others-v16.csv,v2dlreason_ord_codelow,categorical
V-Dem-CY-Full+Others-v16.csv,v2dlreason_ord_codehigh,categorical
V-Dem-CY-Full+Others-v16.csv,v2dlreason_mean,quantitative
V-Dem-CY-Full+Others-v16.csv,v2dlreason_nr,quantitative
V-Dem-CY-Full+Others-v16.csv,v2dlcommon,quantitative
V-Dem-CY-Full+Others-v16.csv,v2dlcommon_codelow,categorical
V-Dem-CY-Full+Others-v16.csv,v2dlcommon_codehigh,categorical
V-Dem-CY-Full+Others-v16.csv,v2dlcommon_sd,quantitative
V-Dem-CY-Full+Others-v16.csv,v2dlcommon_osp,quantitative
V-Dem-CY-Full+Others-v16.csv,v2dlcommon_osp_codelow,categorical
V-Dem-CY-Full+Others-v16.csv,v2dlcommon_osp_codehigh,categorical
V-Dem-CY-Full+Others-v16.csv,v2dlcommon_osp_sd,quantitative
V-Dem-CY-Full+Others-v16.csv,v2dlcommon_ord,categorical
V-Dem-CY-Full+Others-v16.csv,v2dlcommon_ord_codelow,categorical
V-Dem-CY-Full+Others-v16.csv,v2dlcommon_ord_codehigh,categorical
V-Dem-CY-Full+Others-v16.csv,v2dlcommon_mean,quantitative
V-Dem-CY-Full+Others-v16.csv,v2dlcommon_nr,quantitative
V-Dem-CY-Full+Others-v16.csv,v2dlcountr,quantitative
V-Dem-CY-Full+Others-v16.csv,v2dlcountr_codelow,categorical
V-Dem-CY-Full+Others-v16.csv,v2dlcountr_codehigh,categorical
V-Dem-CY-Full+Others-v16.csv,v2dlcountr_sd,quantitative
V-Dem-CY-Full+Others-v16.csv,v2dlcountr_osp,quantitative
V-Dem-CY-Full+Others-v16.csv,v2dlcountr_osp_codelow,categorical
V-Dem-CY-Full+Others-v16.csv,v2dlcountr_osp_codehigh,categorical
V-Dem-CY-Full+Others-v16.csv,v2dlcountr_osp_sd,quantitative
V-Dem-CY-Full+Others-v16.csv,v2dlcountr_ord,categorical
V-Dem-CY-Full+Others-v16.csv,v2dlcountr_ord_codelow,categorical
V-Dem-CY-Full+Others-v16.csv,v2dlcountr_ord_codehigh,categorical
V-Dem-CY-Full+Others-v16.csv,v2dlcountr_mean,quantitative
V-Dem-CY-Full+Others-v16.csv,v2dlcountr_nr,quantitative
V-Dem-CY-Full+Others-v16.csv,v2dlconslt,quantitative
V-Dem-CY-Full+Others-v16.csv,v2dlconslt_codelow,categorical
V-Dem-CY-Full+Others-v16.csv,v2dlconslt_codehigh,categorical
V-Dem-CY-Full+Others-v16.csv,v2dlconslt_sd,quantitative
V-Dem-CY-Full+Others-v16.csv,v2dlconslt_osp,quantitative
V-Dem-CY-Full+Others-v16.csv,v2dlconslt_osp_codelow,categorical
V-Dem-CY-Full+Others-v16.csv,v2dlconslt_osp_codehigh,categorical
V-Dem-CY-Full+Others-v16.csv,v2dlconslt_osp_sd,quantitative
V-Dem-CY-Full+Others-v16.csv,v2dlconslt_ord,categorical
V-Dem-CY-Full+Others-v16.csv,v2dlconslt_ord_codelow,categorical
V-Dem-CY-Full+Others-v16.csv,v2dlconslt_ord_codehigh,categorical
V-Dem-CY-Full+Others-v16.csv,v2dlconslt_mean,quantitative
V-Dem-CY-Full+Others-v16.csv,v2dlconslt_nr,quantitative
V-Dem-CY-Full+Others-v16.csv,v2dlengage,quantitative
V-Dem-CY-Full+Others-v16.csv,v2dlengage_codelow,categorical
V-Dem-CY-Full+Others-v16.csv,v2dlengage_codehigh,categorical
V-Dem-CY-Full+Others-v16.csv,v2dlengage_sd,quantitative
V-Dem-CY-Full+Others-v16.csv,v2dlengage_osp,quantitative
V-Dem-CY-Full+Others-v16.csv,v2dlengage_osp_codelow,categorical
V-Dem-CY-Full+Others-v16.csv,v2dlengage_osp_codehigh,categorical
V-Dem-CY-Full+Others-v16.csv,v2dlengage_osp_sd,quantitative
V-Dem-CY-Full+Others-v16.csv,v2dlengage_ord,categorical
V-Dem-CY-Full+Others-v16.csv,v2dlengage_ord_codelow,categorical
V-Dem-CY-Full+Others-v16.csv,v2dlengage_ord_codehigh,categorical
V-Dem-CY-Full+Others-v16.csv,v2dlengage_mean,quantitative
V-Dem-CY-Full+Others-v16.csv,v2dlengage_nr,quantitative
V-Dem-CY-Full+Others-v16.csv,v2dlencmps,quantitative
V-Dem-CY-Full+Others-v16.csv,v2dlencmps_codelow,categorical
V-Dem-CY-Full+Others-v16.csv,v2dlencmps_codehigh,categorical
V-Dem-CY-Full+Others-v16.csv,v2dlencmps_sd,quantitative
V-Dem-CY-Full+Others-v16.csv,v2dlencmps_osp,quantitative
V-Dem-CY-Full+Others-v16.csv,v2dlencmps_osp_codelow,categorical
V-Dem-CY-Full+Others-v16.csv,v2dlencmps_osp_codehigh,categorical
V-Dem-CY-Full+Others-v16.csv,v2dlencmps_osp_sd,quantitative
V-Dem-CY-Full+Others-v16.csv,v2dlencmps_ord,categorical
V-Dem-CY-Full+Others-v16.csv,v2dlencmps_ord_codelow,categorical
V-Dem-CY-Full+Others-v16.csv,v2dlencmps_ord_codehigh,categorical
V-Dem-CY-Full+Others-v16.csv,v2dlencmps_mean,quantitative
V-Dem-CY-Full+Others-v16.csv,v2dlencmps_nr,quantitative
V-Dem-CY-Full+Others-v16.csv,v2dlunivl,quantitative
V-Dem-CY-Full+Others-v16.csv,v2dlunivl_codelow,categorical
V-Dem-CY-Full+Others-v16.csv,v2dlunivl_codehigh,categorical
V-Dem-CY-Full+Others-v16.csv,v2dlunivl_sd,quantitative
V-Dem-CY-Full+Others-v16.csv,v2dlunivl_osp,quantitative
V-Dem-CY-Full+Others-v16.csv,v2dlunivl_osp_codelow,categorical
V-Dem-CY-Full+Others-v16.csv,v2dlunivl_osp_codehigh,categorical
V-Dem-CY-Full+Others-v16.csv,v2dlunivl_osp_sd,quantitative
V-Dem-CY-Full+Others-v16.csv,v2dlunivl_ord,categorical
V-Dem-CY-Full+Others-v16.csv,v2dlunivl_ord_codelow,categorical
V-Dem-CY-Full+Others-v16.csv,v2dlunivl_ord_codehigh,categorical
V-Dem-CY-Full+Others-v16.csv,v2dlunivl_mean,quantitative
V-Dem-CY-Full+Others-v16.csv,v2dlunivl_nr,quantitative
V-Dem-CY-Full+Others-v16.csv,v2jureform,quantitative
V-Dem-CY-Full+Others-v16.csv,v2jureform_codelow,categorical
V-Dem-CY-Full+Others-v16.csv,v2jureform_codehigh,categorical
V-Dem-CY-Full+Others-v16.csv,v2jureform_sd,quantitative
V-Dem-CY-Full+Others-v16.csv,v2jureform_osp,quantitative
V-Dem-CY-Full+Others-v16.csv,v2jureform_osp_codelow,categorical
V-Dem-CY-Full+Others-v16.csv,v2jureform_osp_codehigh,categorical
V-Dem-CY-Full+Others-v16.csv,v2jureform_osp_sd,quantitative
V-Dem-CY-Full+Others-v16.csv,v2jureform_ord,categorical
V-Dem-CY-Full+Others-v16.csv,v2jureform_ord_codelow,categorical
V-Dem-CY-Full+Others-v16.csv,v2jureform_ord_codehigh,categorical
V-Dem-CY-Full+Others-v16.csv,v2jureform_mean,quantitative
V-Dem-CY-Full+Others-v16.csv,v2jureform_nr,quantitative
V-Dem-CY-Full+Others-v16.csv,v2jupurge,quantitative
V-Dem-CY-Full+Others-v16.csv,v2jupurge_codelow,categorical
V-Dem-CY-Full+Others-v16.csv,v2jupurge_codehigh,categorical
V-Dem-CY-Full+Others-v16.csv,v2jupurge_sd,quantitative
V-Dem-CY-Full+Others-v16.csv,v2jupurge_osp,quantitative
V-Dem-CY-Full+Others-v16.csv,v2jupurge_osp_codelow,categorical
V-Dem-CY-Full+Others-v16.csv,v2jupurge_osp_codehigh,categorical
V-Dem-CY-Full+Others-v16.csv,v2jupurge_osp_sd,quantitative
V-Dem-CY-Full+Others-v16.csv,v2jupurge_ord,categorical
V-Dem-CY-Full+Others-v16.csv,v2jupurge_ord_codelow,categorical
V-Dem-CY-Full+Others-v16.csv,v2jupurge_ord_codehigh,categorical
V-Dem-CY-Full+Others-v16.csv,v2jupurge_mean,quantitative
V-Dem-CY-Full+Others-v16.csv,v2jupurge_nr,quantitative
V-Dem-CY-Full+Others-v16.csv,v2jupoatck,quantitative
V-Dem-CY-Full+Others-v16.csv,v2jupoatck_codelow,categorical
V-Dem-CY-Full+Others-v16.csv,v2jupoatck_codehigh,categorical
V-Dem-CY-Full+Others-v16.csv,v2jupoatck_sd,quantitative
V-Dem-CY-Full+Others-v16.csv,v2jupoatck_osp,quantitative
V-Dem-CY-Full+Others-v16.csv,v2jupoatck_osp_codelow,categorical
V-Dem-CY-Full+Others-v16.csv,v2jupoatck_osp_codehigh,categorical
V-Dem-CY-Full+Others-v16.csv,v2jupoatck_osp_sd,quantitative
V-Dem-CY-Full+Others-v16.csv,v2jupoatck_ord,categorical
V-Dem-CY-Full+Others-v16.csv,v2jupoatck_ord_codelow,categorical
V-Dem-CY-Full+Others-v16.csv,v2jupoatck_ord_codehigh,categorical
V-Dem-CY-Full+Others-v16.csv,v2jupoatck_mean,quantitative
V-Dem-CY-Full+Others-v16.csv,v2jupoatck_nr,quantitative
V-Dem-CY-Full+Others-v16.csv,v2jupack,quantitative
V-Dem-CY-Full+Others-v16.csv,v2jupack_codelow,categorical
V-Dem-CY-Full+Others-v16.csv,v2jupack_codehigh,categorical
V-Dem-CY-Full+Others-v16.csv,v2jupack_sd,quantitative
V-Dem-CY-Full+Others-v16.csv,v2jupack_osp,quantitative
V-Dem-CY-Full+Others-v16.csv,v2jupack_osp_codelow,categorical
V-Dem-CY-Full+Others-v16.csv,v2jupack_osp_codehigh,categorical
V-Dem-CY-Full+Others-v16.csv,v2jupack_osp_sd,quantitative
V-Dem-CY-Full+Others-v16.csv,v2jupack_ord,categorical
V-Dem-CY-Full+Others-v16.csv,v2jupack_ord_codelow,categorical
V-Dem-CY-Full+Others-v16.csv,v2jupack_ord_codehigh,categorical
V-Dem-CY-Full+Others-v16.csv,v2jupack_mean,quantitative
V-Dem-CY-Full+Others-v16.csv,v2jupack_nr,quantitative
V-Dem-CY-Full+Others-v16.csv,v2juaccnt,quantitative
V-Dem-CY-Full+Others-v16.csv,v2juaccnt_codelow,categorical
V-Dem-CY-Full+Others-v16.csv,v2juaccnt_codehigh,categorical
V-Dem-CY-Full+Others-v16.csv,v2juaccnt_sd,quantitative
V-Dem-CY-Full+Others-v16.csv,v2juaccnt_osp,quantitative
V-Dem-CY-Full+Others-v16.csv,v2juaccnt_osp_codelow,categorical
V-Dem-CY-Full+Others-v16.csv,v2juaccnt_osp_codehigh,categorical
V-Dem-CY-Full+Others-v16.csv,v2juaccnt_osp_sd,quantitative
V-Dem-CY-Full+Others-v16.csv,v2juaccnt_ord,categorical
V-Dem-CY-Full+Others-v16.csv,v2juaccnt_ord_codelow,categorical
V-Dem-CY-Full+Others-v16.csv,v2juaccnt_ord_codehigh,categorical
V-Dem-CY-Full+Others-v16.csv,v2juaccnt_mean,quantitative
V-Dem-CY-Full+Others-v16.csv,v2juaccnt_nr,quantitative
V-Dem-CY-Full+Others-v16.csv,v2jucorrdc,quantitative
V-Dem-CY-Full+Others-v16.csv,v2jucorrdc_codelow,categorical
V-Dem-CY-Full+Others-v16.csv,v2jucorrdc_codehigh,categorical
V-Dem-CY-Full+Others-v16.csv,v2jucorrdc_sd,quantitative
V-Dem-CY-Full+Others-v16.csv,v2jucorrdc_osp,quantitative
V-Dem-CY-Full+Others-v16.csv,v2jucorrdc_osp_codelow,categorical
V-Dem-CY-Full+Others-v16.csv,v2jucorrdc_osp_codehigh,categorical
V-Dem-CY-Full+Others-v16.csv,v2jucorrdc_osp_sd,quantitative
V-Dem-CY-Full+Others-v16.csv,v2jucorrdc_ord,categorical
V-Dem-CY-Full+Others-v16.csv,v2jucorrdc_ord_codelow,categorical
V-Dem-CY-Full+Others-v16.csv,v2jucorrdc_ord_codehigh,categorical
V-Dem-CY-Full+Others-v16.csv,v2jucorrdc_mean,quantitative
V-Dem-CY-Full+Others-v16.csv,v2jucorrdc_nr,quantitative
V-Dem-CY-Full+Others-v16.csv,v2juhcname,categorical
V-Dem-CY-Full+Others-v16.csv,v2juhcind,quantitative
V-Dem-CY-Full+Others-v16.csv,v2juhcind_codelow,categorical
V-Dem-CY-Full+Others-v16.csv,v2juhcind_codehigh,categorical
V-Dem-CY-Full+Others-v16.csv,v2juhcind_sd,quantitative
V-Dem-CY-Full+Others-v16.csv,v2juhcind_osp,quantitative
V-Dem-CY-Full+Others-v16.csv,v2juhcind_osp_codelow,categorical
V-Dem-CY-Full+Others-v16.csv,v2juhcind_osp_codehigh,categorical
V-Dem-CY-Full+Others-v16.csv,v2juhcind_osp_sd,quantitative
V-Dem-CY-Full+Others-v16.csv,v2juhcind_ord,categorical
V-Dem-CY-Full+Others-v16.csv,v2juhcind_ord_codelow,categorical
V-Dem-CY-Full+Others-v16.csv,v2juhcind_ord_codehigh,categorical
V-Dem-CY-Full+Others-v16.csv,v2juhcind_mean,quantitative
V-Dem-CY-Full+Others-v16.csv,v2juhcind_nr,quantitative
V-Dem-CY-Full+Others-v16.csv,v2juncind,quantitative
V-Dem-CY-Full+Others-v16.csv,v2juncind_codelow,categorical
V-Dem-CY-Full+Others-v16.csv,v2juncind_codehigh,categorical
V-Dem-CY-Full+Others-v16.csv,v2juncind_sd,quantitative
V-Dem-CY-Full+Others-v16.csv,v2juncind_osp,quantitative
V-Dem-CY-Full+Others-v16.csv,v2juncind_osp_codelow,categorical
V-Dem-CY-Full+Others-v16.csv,v2juncind_osp_codehigh,categorical
V-Dem-CY-Full+Others-v16.csv,v2juncind_osp_sd,quantitative
V-Dem-CY-Full+Others-v16.csv,v2juncind_ord,categorical
V-Dem-CY-Full+Others-v16.csv,v2juncind_ord_codelow,categorical
V-Dem-CY-Full+Others-v16.csv,v2juncind_ord_codehigh,categorical
V-Dem-CY-Full+Others-v16.csv,v2juncind_mean,quantitative
V-Dem-CY-Full+Others-v16.csv,v2juncind_nr,quantitative
V-Dem-CY-Full+Others-v16.csv,v2juhccomp,quantitative
V-Dem-CY-Full+Others-v16.csv,v2juhccomp_codelow,categorical
V-Dem-CY-Full+Others-v16.csv,v2juhccomp_codehigh,categorical
V-Dem-CY-Full+Others-v16.csv,v2juhccomp_sd,quantitative
V-Dem-CY-Full+Others-v16.csv,v2juhccomp_osp,quantitative
V-Dem-CY-Full+Others-v16.csv,v2juhccomp_osp_codelow,categorical
V-Dem-CY-Full+Others-v16.csv,v2juhccomp_osp_codehigh,categorical
V-Dem-CY-Full+Others-v16.csv,v2juhccomp_osp_sd,quantitative
V-Dem-CY-Full+Others-v16.csv,v2juhccomp_ord,categorical
V-Dem-CY-Full+Others-v16.csv,v2juhccomp_ord_codelow,categorical
V-Dem-CY-Full+Others-v16.csv,v2juhccomp_ord_codehigh,categorical
V-Dem-CY-Full+Others-v16.csv,v2juhccomp_mean,quantitative
V-Dem-CY-Full+Others-v16.csv,v2juhccomp_nr,quantitative
V-Dem-CY-Full+Others-v16.csv,v2jucomp,quantitative
V-Dem-CY-Full+Others-v16.csv,v2jucomp_codelow,categorical
V-Dem-CY-Full+Others-v16.csv,v2jucomp_codehigh,categorical
V-Dem-CY-Full+Others-v16.csv,v2jucomp_sd,quantitative
V-Dem-CY-Full+Others-v16.csv,v2jucomp_osp,quantitative
V-Dem-CY-Full+Others-v16.csv,v2jucomp_osp_codelow,categorical
V-Dem-CY-Full+Others-v16.csv,v2jucomp_osp_codehigh,categorical
V-Dem-CY-Full+Others-v16.csv,v2jucomp_osp_sd,quantitative
V-Dem-CY-Full+Others-v16.csv,v2jucomp_ord,categorical
V-Dem-CY-Full+Others-v16.csv,v2jucomp_ord_codelow,categorical
V-Dem-CY-Full+Others-v16.csv,v2jucomp_ord_codehigh,categorical
V-Dem-CY-Full+Others-v16.csv,v2jucomp_mean,quantitative
V-Dem-CY-Full+Others-v16.csv,v2jucomp_nr,quantitative
V-Dem-CY-Full+Others-v16.csv,v2jureview,quantitative
V-Dem-CY-Full+Others-v16.csv,v2jureview_codelow,categorical
V-Dem-CY-Full+Others-v16.csv,v2jureview_codehigh,categorical
V-Dem-CY-Full+Others-v16.csv,v2jureview_sd,quantitative
V-Dem-CY-Full+Others-v16.csv,v2jureview_osp,quantitative
V-Dem-CY-Full+Others-v16.csv,v2jureview_osp_codelow,categorical
V-Dem-CY-Full+Others-v16.csv,v2jureview_osp_codehigh,categorical
V-Dem-CY-Full+Others-v16.csv,v2jureview_osp_sd,quantitative
V-Dem-CY-Full+Others-v16.csv,v2jureview_ord,categorical
V-Dem-CY-Full+Others-v16.csv,v2jureview_ord_codelow,categorical
V-Dem-CY-Full+Others-v16.csv,v2jureview_ord_codehigh,categorical
V-Dem-CY-Full+Others-v16.csv,v2jureview_mean,quantitative
V-Dem-CY-Full+Others-v16.csv,v2jureview_nr,quantitative
V-Dem-CY-Full+Others-v16.csv,v2jucodable,categorical
V-Dem-CY-Full+Others-v16.csv,v2juflow,categorical
V-Dem-CY-Full+Others-v16.csv,v2julanguage,quantitative
V-Dem-CY-Full+Others-v16.csv,v2juteamtr,categorical
V-Dem-CY-Full+Others-v16.csv,v2cltort,quantitative
V-Dem-CY-Full+Others-v16.csv,v2cltort_codelow,categorical
V-Dem-CY-Full+Others-v16.csv,v2cltort_codehigh,categorical
V-Dem-CY-Full+Others-v16.csv,v2cltort_sd,quantitative
V-Dem-CY-Full+Others-v16.csv,v2cltort_osp,quantitative
V-Dem-CY-Full+Others-v16.csv,v2cltort_osp_codelow,categorical
V-Dem-CY-Full+Others-v16.csv,v2cltort_osp_codehigh,categorical
V-Dem-CY-Full+Others-v16.csv,v2cltort_osp_sd,quantitative
V-Dem-CY-Full+Others-v16.csv,v2cltort_ord,categorical
V-Dem-CY-Full+Others-v16.csv,v2cltort_ord_codelow,categorical
V-Dem-CY-Full+Others-v16.csv,v2cltort_ord_codehigh,categorical
V-Dem-CY-Full+Others-v16.csv,v2cltort_mean,quantitative
V-Dem-CY-Full+Others-v16.csv,v2cltort_nr,quantitative
V-Dem-CY-Full+Others-v16.csv,v2clkill,quantitative
V-Dem-CY-Full+Others-v16.csv,v2clkill_codelow,categorical
V-Dem-CY-Full+Others-v16.csv,v2clkill_codehigh,categorical
V-Dem-CY-Full+Others-v16.csv,v2clkill_sd,quantitative
V-Dem-CY-Full+Others-v16.csv,v2clkill_osp,quantitative
V-Dem-CY-Full+Others-v16.csv,v2clkill_osp_codelow,categorical
V-Dem-CY-Full+Others-v16.csv,v2clkill_osp_codehigh,categorical
V-Dem-CY-Full+Others-v16.csv,v2clkill_osp_sd,quantitative
V-Dem-CY-Full+Others-v16.csv,v2clkill_ord,categorical
V-Dem-CY-Full+Others-v16.csv,v2clkill_ord_codelow,categorical
V-Dem-CY-Full+Others-v16.csv,v2clkill_ord_codehigh,categorical
V-Dem-CY-Full+Others-v16.csv,v2clkill_mean,quantitative
V-Dem-CY-Full+Others-v16.csv,v2clkill_nr,quantitative
V-Dem-CY-Full+Others-v16.csv,v2clslavem,quantitative
V-Dem-CY-Full+Others-v16.csv,v2clslavem_codelow,categorical
V-Dem-CY-Full+Others-v16.csv,v2clslavem_codehigh,categorical
V-Dem-CY-Full+Others-v16.csv,v2clslavem_sd,quantitative
V-Dem-CY-Full+Others-v16.csv,v2clslavem_osp,quantitative
V-Dem-CY-Full+Others-v16.csv,v2clslavem_osp_codelow,categorical
V-Dem-CY-Full+Others-v16.csv,v2clslavem_osp_codehigh,categorical
V-Dem-CY-Full+Others-v16.csv,v2clslavem_osp_sd,quantitative
V-Dem-CY-Full+Others-v16.csv,v2clslavem_ord,categorical
V-Dem-CY-Full+Others-v16.csv,v2clslavem_ord_codelow,categorical
V-Dem-CY-Full+Others-v16.csv,v2clslavem_ord_codehigh,categorical
V-Dem-CY-Full+Others-v16.csv,v2clslavem_mean,quantitative
V-Dem-CY-Full+Others-v16.csv,v2clslavem_nr,quantitative
V-Dem-CY-Full+Others-v16.csv,v2clslavef,quantitative
V-Dem-CY-Full+Others-v16.csv,v2clslavef_codelow,categorical
V-Dem-CY-Full+Others-v16.csv,v2clslavef_codehigh,categorical
V-Dem-CY-Full+Others-v16.csv,v2clslavef_sd,quantitative
V-Dem-CY-Full+Others-v16.csv,v2clslavef_osp,quantitative
V-Dem-CY-Full+Others-v16.csv,v2clslavef_osp_codelow,categorical
V-Dem-CY-Full+Others-v16.csv,v2clslavef_osp_codehigh,categorical
V-Dem-CY-Full+Others-v16.csv,v2clslavef_osp_sd,quantitative
V-Dem-CY-Full+Others-v16.csv,v2clslavef_ord,categorical
V-Dem-CY-Full+Others-v16.csv,v2clslavef_ord_codelow,categorical
V-Dem-CY-Full+Others-v16.csv,v2clslavef_ord_codehigh,categorical
V-Dem-CY-Full+Others-v16.csv,v2clslavef_mean,quantitative
V-Dem-CY-Full+Others-v16.csv,v2clslavef_nr,quantitative
V-Dem-CY-Full+Others-v16.csv,v2cltrnslw,quantitative
V-Dem-CY-Full+Others-v16.csv,v2cltrnslw_codelow,categorical
V-Dem-CY-Full+Others-v16.csv,v2cltrnslw_codehigh,categorical
V-Dem-CY-Full+Others-v16.csv,v2cltrnslw_sd,quantitative
V-Dem-CY-Full+Others-v16.csv,v2cltrnslw_osp,quantitative
V-Dem-CY-Full+Others-v16.csv,v2cltrnslw_osp_codelow,categorical
V-Dem-CY-Full+Others-v16.csv,v2cltrnslw_osp_codehigh,categorical
V-Dem-CY-Full+Others-v16.csv,v2cltrnslw_osp_sd,quantitative
V-Dem-CY-Full+Others-v16.csv,v2cltrnslw_ord,categorical
V-Dem-CY-Full+Others-v16.csv,v2cltrnslw_ord_codelow,categorical
V-Dem-CY-Full+Others-v16.csv,v2cltrnslw_ord_codehigh,categorical
V-Dem-CY-Full+Others-v16.csv,v2cltrnslw_mean,quantitative
V-Dem-CY-Full+Others-v16.csv,v2cltrnslw_nr,quantitative
V-Dem-CY-Full+Others-v16.csv,v2clrspct,quantitative
V-Dem-CY-Full+Others-v16.csv,v2clrspct_codelow,categorical
V-Dem-CY-Full+Others-v16.csv,v2clrspct_codehigh,categorical
V-Dem-CY-Full+Others-v16.csv,v2clrspct_sd,quantitative
V-Dem-CY-Full+Others-v16.csv,v2clrspct_osp,quantitative
V-Dem-CY-Full+Others-v16.csv,v2clrspct_osp_codelow,categorical
V-Dem-CY-Full+Others-v16.csv,v2clrspct_osp_codehigh,categorical
V-Dem-CY-Full+Others-v16.csv,v2clrspct_osp_sd,quantitative
V-Dem-CY-Full+Others-v16.csv,v2clrspct_ord,categorical
V-Dem-CY-Full+Others-v16.csv,v2clrspct_ord_codelow,categorical
V-Dem-CY-Full+Others-v16.csv,v2clrspct_ord_codehigh,categorical
V-Dem-CY-Full+Others-v16.csv,v2clrspct_mean,quantitative
V-Dem-CY-Full+Others-v16.csv,v2clrspct_nr,quantitative
V-Dem-CY-Full+Others-v16.csv,v2clacjstm,quantitative
V-Dem-CY-Full+Others-v16.csv,v2clacjstm_codelow,categorical
V-Dem-CY-Full+Others-v16.csv,v2clacjstm_codehigh,categorical
V-Dem-CY-Full+Others-v16.csv,v2clacjstm_sd,quantitative
V-Dem-CY-Full+Others-v16.csv,v2clacjstm_osp,quantitative
V-Dem-CY-Full+Others-v16.csv,v2clacjstm_osp_codelow,categorical
V-Dem-CY-Full+Others-v16.csv,v2clacjstm_osp_codehigh,categorical
V-Dem-CY-Full+Others-v16.csv,v2clacjstm_osp_sd,quantitative
V-Dem-CY-Full+Others-v16.csv,v2clacjstm_ord,categorical
V-Dem-CY-Full+Others-v16.csv,v2clacjstm_ord_codelow,categorical
V-Dem-CY-Full+Others-v16.csv,v2clacjstm_ord_codehigh,categorical
V-Dem-CY-Full+Others-v16.csv,v2clacjstm_mean,quantitative
V-Dem-CY-Full+Others-v16.csv,v2clacjstm_nr,quantitative
V-Dem-CY-Full+Others-v16.csv,v2clacjstw,quantitative
V-Dem-CY-Full+Others-v16.csv,v2clacjstw_codelow,categorical
V-Dem-CY-Full+Others-v16.csv,v2clacjstw_codehigh,categorical
V-Dem-CY-Full+Others-v16.csv,v2clacjstw_sd,quantitative
V-Dem-CY-Full+Others-v16.csv,v2clacjstw_osp,quantitative
V-Dem-CY-Full+Others-v16.csv,v2clacjstw_osp_codelow,categorical
V-Dem-CY-Full+Others-v16.csv,v2clacjstw_osp_codehigh,categorical
V-Dem-CY-Full+Others-v16.csv,v2clacjstw_osp_sd,quantitative
V-Dem-CY-Full+Others-v16.csv,v2clacjstw_ord,categorical
V-Dem-CY-Full+Others-v16.csv,v2clacjstw_ord_codelow,categorical
V-Dem-CY-Full+Others-v16.csv,v2clacjstw_ord_codehigh,categorical
V-Dem-CY-Full+Others-v16.csv,v2clacjstw_mean,quantitative
V-Dem-CY-Full+Others-v16.csv,v2clacjstw_nr,quantitative
V-Dem-CY-Full+Others-v16.csv,v2clacjust,quantitative
V-Dem-CY-Full+Others-v16.csv,v2clacjust_codelow,categorical
V-Dem-CY-Full+Others-v16.csv,v2clacjust_codehigh,categorical
V-Dem-CY-Full+Others-v16.csv,v2clacjust_sd,quantitative
V-Dem-CY-Full+Others-v16.csv,v2clacjust_osp,quantitative
V-Dem-CY-Full+Others-v16.csv,v2clacjust_osp_codelow,categorical
V-Dem-CY-Full+Others-v16.csv,v2clacjust_osp_codehigh,categorical
V-Dem-CY-Full+Others-v16.csv,v2clacjust_osp_sd,quantitative
V-Dem-CY-Full+Others-v16.csv,v2clacjust_ord,categorical
V-Dem-CY-Full+Others-v16.csv,v2clacjust_ord_codelow,categorical
V-Dem-CY-Full+Others-v16.csv,v2clacjust_ord_codehigh,categorical
V-Dem-CY-Full+Others-v16.csv,v2clacjust_mean,quantitative
V-Dem-CY-Full+Others-v16.csv,v2clacjust_nr,quantitative
V-Dem-CY-Full+Others-v16.csv,v2clsocgrp,quantitative
V-Dem-CY-Full+Others-v16.csv,v2clsocgrp_codelow,categorical
V-Dem-CY-Full+Others-v16.csv,v2clsocgrp_codehigh,categorical
V-Dem-CY-Full+Others-v16.csv,v2clsocgrp_sd,quantitative
V-Dem-CY-Full+Others-v16.csv,v2clsocgrp_osp,quantitative
V-Dem-CY-Full+Others-v16.csv,v2clsocgrp_osp_codelow,categorical
V-Dem-CY-Full+Others-v16.csv,v2clsocgrp_osp_codehigh,categorical
V-Dem-CY-Full+Others-v16.csv,v2clsocgrp_osp_sd,quantitative
V-Dem-CY-Full+Others-v16.csv,v2clsocgrp_ord,categorical
V-Dem-CY-Full+Others-v16.csv,v2clsocgrp_ord_codelow,categorical
V-Dem-CY-Full+Others-v16.csv,v2clsocgrp_ord_codehigh,categorical
V-Dem-CY-Full+Others-v16.csv,v2clsocgrp_mean,quantitative
V-Dem-CY-Full+Others-v16.csv,v2clsocgrp_nr,quantitative
V-Dem-CY-Full+Others-v16.csv,v2clrgunev,quantitative
V-Dem-CY-Full+Others-v16.csv,v2clrgunev_codelow,categorical
V-Dem-CY-Full+Others-v16.csv,v2clrgunev_codehigh,categorical
V-Dem-CY-Full+Others-v16.csv,v2clrgunev_sd,quantitative
V-Dem-CY-Full+Others-v16.csv,v2clrgunev_osp,quantitative
V-Dem-CY-Full+Others-v16.csv,v2clrgunev_osp_codelow,categorical
V-Dem-CY-Full+Others-v16.csv,v2clrgunev_osp_codehigh,categorical
V-Dem-CY-Full+Others-v16.csv,v2clrgunev_osp_sd,quantitative
V-Dem-CY-Full+Others-v16.csv,v2clrgunev_ord,categorical
V-Dem-CY-Full+Others-v16.csv,v2clrgunev_ord_codelow,categorical
V-Dem-CY-Full+Others-v16.csv,v2clrgunev_ord_codehigh,categorical
V-Dem-CY-Full+Others-v16.csv,v2clrgunev_mean,quantitative
V-Dem-CY-Full+Others-v16.csv,v2clrgunev_nr,quantitative
V-Dem-CY-Full+Others-v16.csv,v2clsnlpct,quantitative
V-Dem-CY-Full+Others-v16.csv,v2clsnlpct_codelow,categorical
V-Dem-CY-Full+Others-v16.csv,v2clsnlpct_codehigh,categorical
V-Dem-CY-Full+Others-v16.csv,v2clsnlpct_sd,quantitative
V-Dem-CY-Full+Others-v16.csv,v2clsnlpct_mean,quantitative
V-Dem-CY-Full+Others-v16.csv,v2clsnlpct_nr,quantitative
V-Dem-CY-Full+Others-v16.csv,v2clrgstch_0,quantitative
V-Dem-CY-Full+Others-v16.csv,v2clrgstch_1,quantitative
V-Dem-CY-Full+Others-v16.csv,v2clrgstch_2,quantitative
V-Dem-CY-Full+Others-v16.csv,v2clrgstch_3,quantitative
V-Dem-CY-Full+Others-v16.csv,v2clrgstch_4,quantitative
V-Dem-CY-Full+Others-v16.csv,v2clrgstch_5,quantitative
V-Dem-CY-Full+Others-v16.csv,v2clrgstch_6,quantitative
V-Dem-CY-Full+Others-v16.csv,v2clrgstch_7,quantitative
V-Dem-CY-Full+Others-v16.csv,v2clrgstch_8,quantitative
V-Dem-CY-Full+Others-v16.csv,v2clrgstch_9,quantitative
V-Dem-CY-Full+Others-v16.csv,v2clrgstch_10,quantitative
V-Dem-CY-Full+Others-v16.csv,v2clrgstch_11,quantitative
V-Dem-CY-Full+Others-v16.csv,v2clrgstch_12,quantitative
V-Dem-CY-Full+Others-v16.csv,v2clrgstch_13,quantitative
V-Dem-CY-Full+Others-v16.csv,v2clrgstch_14,quantitative
V-Dem-CY-Full+Others-v16.csv,v2clrgstch_15,quantitative
V-Dem-CY-Full+Others-v16.csv,v2clrgstch_16,quantitative
V-Dem-CY-Full+Others-v16.csv,v2clrgstch_17,quantitative
V-Dem-CY-Full+Others-v16.csv,v2clrgstch_18,quantitative
V-Dem-CY-Full+Others-v16.csv,v2clrgstch_19,quantitative
V-Dem-CY-Full+Others-v16.csv,v2clrgstch_20,quantitative
V-Dem-CY-Full+Others-v16.csv,v2clrgstch_21,quantitative
V-Dem-CY-Full+Others-v16.csv,v2clrgstch_nr,quantitative
V-Dem-CY-Full+Others-v16.csv,v2clrgwkch_0,quantitative
V-Dem-CY-Full+Others-v16.csv,v2clrgwkch_1,quantitative
V-Dem-CY-Full+Others-v16.csv,v2clrgwkch_2,quantitative
V-Dem-CY-Full+Others-v16.csv,v2clrgwkch_3,quantitative
V-Dem-CY-Full+Others-v16.csv,v2clrgwkch_4,quantitative
V-Dem-CY-Full+Others-v16.csv,v2clrgwkch_5,quantitative
V-Dem-CY-Full+Others-v16.csv,v2clrgwkch_6,quantitative
V-Dem-CY-Full+Others-v16.csv,v2clrgwkch_7,quantitative
V-Dem-CY-Full+Others-v16.csv,v2clrgwkch_8,quantitative
V-Dem-CY-Full+Others-v16.csv,v2clrgwkch_9,quantitative
V-Dem-CY-Full+Others-v16.csv,v2clrgwkch_10,quantitative
V-Dem-CY-Full+Others-v16.csv,v2clrgwkch_11,quantitative
V-Dem-CY-Full+Others-v16.csv,v2clrgwkch_12,quantitative
V-Dem-CY-Full+Others-v16.csv,v2clrgwkch_13,quantitative
V-Dem-CY-Full+Others-v16.csv,v2clrgwkch_14,quantitative
V-Dem-CY-Full+Others-v16.csv,v2clrgwkch_15,quantitative
V-Dem-CY-Full+Others-v16.csv,v2clrgwkch_16,quantitative
V-Dem-CY-Full+Others-v16.csv,v2clrgwkch_17,quantitative
V-Dem-CY-Full+Others-v16.csv,v2clrgwkch_18,quantitative
V-Dem-CY-Full+Others-v16.csv,v2clrgwkch_19,quantitative
V-Dem-CY-Full+Others-v16.csv,v2clrgwkch_20,quantitative
V-Dem-CY-Full+Others-v16.csv,v2clrgwkch_21,quantitative
V-Dem-CY-Full+Others-v16.csv,v2clrgwkch_nr,quantitative
V-Dem-CY-Full+Others-v16.csv,v2cldiscm,quantitative
V-Dem-CY-Full+Others-v16.csv,v2cldiscm_codelow,categorical
V-Dem-CY-Full+Others-v16.csv,v2cldiscm_codehigh,categorical
V-Dem-CY-Full+Others-v16.csv,v2cldiscm_sd,quantitative
V-Dem-CY-Full+Others-v16.csv,v2cldiscm_osp,quantitative
V-Dem-CY-Full+Others-v16.csv,v2cldiscm_osp_codelow,categorical
V-Dem-CY-Full+Others-v16.csv,v2cldiscm_osp_codehigh,categorical
V-Dem-CY-Full+Others-v16.csv,v2cldiscm_osp_sd,quantitative
V-Dem-CY-Full+Others-v16.csv,v2cldiscm_ord,categorical
V-Dem-CY-Full+Others-v16.csv,v2cldiscm_ord_codelow,categorical
V-Dem-CY-Full+Others-v16.csv,v2cldiscm_ord_codehigh,categorical
V-Dem-CY-Full+Others-v16.csv,v2cldiscm_mean,quantitative
V-Dem-CY-Full+Others-v16.csv,v2cldiscm_nr,quantitative
V-Dem-CY-Full+Others-v16.csv,v2cldiscw,quantitative
V-Dem-CY-Full+Others-v16.csv,v2cldiscw_codelow,categorical
V-Dem-CY-Full+Others-v16.csv,v2cldiscw_codehigh,categorical
V-Dem-CY-Full+Others-v16.csv,v2cldiscw_sd,quantitative
V-Dem-CY-Full+Others-v16.csv,v2cldiscw_osp,quantitative
V-Dem-CY-Full+Others-v16.csv,v2cldiscw_osp_codelow,categorical
V-Dem-CY-Full+Others-v16.csv,v2cldiscw_osp_codehigh,categorical
V-Dem-CY-Full+Others-v16.csv,v2cldiscw_osp_sd,quantitative
V-Dem-CY-Full+Others-v16.csv,v2cldiscw_ord,categorical
V-Dem-CY-Full+Others-v16.csv,v2cldiscw_ord_codelow,categorical
V-Dem-CY-Full+Others-v16.csv,v2cldiscw_ord_codehigh,categorical
V-Dem-CY-Full+Others-v16.csv,v2cldiscw_mean,quantitative
V-Dem-CY-Full+Others-v16.csv,v2cldiscw_nr,quantitative
V-Dem-CY-Full+Others-v16.csv,v2clacfree,quantitative
V-Dem-CY-Full+Others-v16.csv,v2clacfree_codelow,categorical
V-Dem-CY-Full+Others-v16.csv,v2clacfree_codehigh,categorical
V-Dem-CY-Full+Others-v16.csv,v2clacfree_sd,quantitative
V-Dem-CY-Full+Others-v16.csv,v2clacfree_osp,quantitative
V-Dem-CY-Full+Others-v16.csv,v2clacfree_osp_codelow,categorical
V-Dem-CY-Full+Others-v16.csv,v2clacfree_osp_codehigh,categorical
V-Dem-CY-Full+Others-v16.csv,v2clacfree_osp_sd,quantitative
V-Dem-CY-Full+Others-v16.csv,v2clacfree_ord,categorical
V-Dem-CY-Full+Others-v16.csv,v2clacfree_ord_codelow,categorical
V-Dem-CY-Full+Others-v16.csv,v2clacfree_ord_codehigh,categorical
V-Dem-CY-Full+Others-v16.csv,v2clacfree_mean,quantitative
V-Dem-CY-Full+Others-v16.csv,v2clacfree_nr,quantitative
V-Dem-CY-Full+Others-v16.csv,v2clrelig,quantitative
V-Dem-CY-Full+Others-v16.csv,v2clrelig_codelow,categorical
V-Dem-CY-Full+Others-v16.csv,v2clrelig_codehigh,categorical
V-Dem-CY-Full+Others-v16.csv,v2clrelig_sd,quantitative
V-Dem-CY-Full+Others-v16.csv,v2clrelig_osp,quantitative
V-Dem-CY-Full+Others-v16.csv,v2clrelig_osp_codelow,categorical
V-Dem-CY-Full+Others-v16.csv,v2clrelig_osp_codehigh,categorical
V-Dem-CY-Full+Others-v16.csv,v2clrelig_osp_sd,quantitative
V-Dem-CY-Full+Others-v16.csv,v2clrelig_ord,categorical
V-Dem-CY-Full+Others-v16.csv,v2clrelig_ord_codelow,categorical
V-Dem-CY-Full+Others-v16.csv,v2clrelig_ord_codehigh,categorical
V-Dem-CY-Full+Others-v16.csv,v2clrelig_mean,quantitative
V-Dem-CY-Full+Others-v16.csv,v2clrelig_nr,quantitative
V-Dem-CY-Full+Others-v16.csv,v2clfmove,quantitative
V-Dem-CY-Full+Others-v16.csv,v2clfmove_codelow,categorical
V-Dem-CY-Full+Others-v16.csv,v2clfmove_codehigh,categorical
V-Dem-CY-Full+Others-v16.csv,v2clfmove_sd,quantitative
V-Dem-CY-Full+Others-v16.csv,v2clfmove_osp,quantitative
V-Dem-CY-Full+Others-v16.csv,v2clfmove_osp_codelow,categorical
V-Dem-CY-Full+Others-v16.csv,v2clfmove_osp_codehigh,categorical
V-Dem-CY-Full+Others-v16.csv,v2clfmove_osp_sd,quantitative
V-Dem-CY-Full+Others-v16.csv,v2clfmove_ord,categorical
V-Dem-CY-Full+Others-v16.csv,v2clfmove_ord_codelow,categorical
V-Dem-CY-Full+Others-v16.csv,v2clfmove_ord_codehigh,categorical
V-Dem-CY-Full+Others-v16.csv,v2clfmove_mean,quantitative
V-Dem-CY-Full+Others-v16.csv,v2clfmove_nr,quantitative
V-Dem-CY-Full+Others-v16.csv,v2cldmovem,quantitative
V-Dem-CY-Full+Others-v16.csv,v2cldmovem_codelow,categorical
V-Dem-CY-Full+Others-v16.csv,v2cldmovem_codehigh,categorical
V-Dem-CY-Full+Others-v16.csv,v2cldmovem_sd,quantitative
V-Dem-CY-Full+Others-v16.csv,v2cldmovem_osp,quantitative
V-Dem-CY-Full+Others-v16.csv,v2cldmovem_osp_codelow,categorical
V-Dem-CY-Full+Others-v16.csv,v2cldmovem_osp_codehigh,categorical
V-Dem-CY-Full+Others-v16.csv,v2cldmovem_osp_sd,quantitative
V-Dem-CY-Full+Others-v16.csv,v2cldmovem_ord,categorical
V-Dem-CY-Full+Others-v16.csv,v2cldmovem_ord_codelow,categorical
V-Dem-CY-Full+Others-v16.csv,v2cldmovem_ord_codehigh,categorical
V-Dem-CY-Full+Others-v16.csv,v2cldmovem_mean,quantitative
V-Dem-CY-Full+Others-v16.csv,v2cldmovem_nr,quantitative
V-Dem-CY-Full+Others-v16.csv,v2cldmovew,quantitative
V-Dem-CY-Full+Others-v16.csv,v2cldmovew_codelow,categorical
V-Dem-CY-Full+Others-v16.csv,v2cldmovew_codehigh,categorical
V-Dem-CY-Full+Others-v16.csv,v2cldmovew_sd,quantitative
V-Dem-CY-Full+Others-v16.csv,v2cldmovew_osp,quantitative
V-Dem-CY-Full+Others-v16.csv,v2cldmovew_osp_codelow,categorical
V-Dem-CY-Full+Others-v16.csv,v2cldmovew_osp_codehigh,categorical
V-Dem-CY-Full+Others-v16.csv,v2cldmovew_osp_sd,quantitative
V-Dem-CY-Full+Others-v16.csv,v2cldmovew_ord,categorical
V-Dem-CY-Full+Others-v16.csv,v2cldmovew_ord_codelow,categorical
V-Dem-CY-Full+Others-v16.csv,v2cldmovew_ord_codehigh,categorical
V-Dem-CY-Full+Others-v16.csv,v2cldmovew_mean,quantitative
V-Dem-CY-Full+Others-v16.csv,v2cldmovew_nr,quantitative
V-Dem-CY-Full+Others-v16.csv,v2clstown,quantitative
V-Dem-CY-Full+Others-v16.csv,v2clstown_codelow,categorical
V-Dem-CY-Full+Others-v16.csv,v2clstown_codehigh,categorical
V-Dem-CY-Full+Others-v16.csv,v2clstown_sd,quantitative
V-Dem-CY-Full+Others-v16.csv,v2clstown_osp,quantitative
V-Dem-CY-Full+Others-v16.csv,v2clstown_osp_codelow,categorical
V-Dem-CY-Full+Others-v16.csv,v2clstown_osp_codehigh,categorical
V-Dem-CY-Full+Others-v16.csv,v2clstown_osp_sd,quantitative
V-Dem-CY-Full+Others-v16.csv,v2clstown_ord,categorical
V-Dem-CY-Full+Others-v16.csv,v2clstown_ord_codelow,categorical
V-Dem-CY-Full+Others-v16.csv,v2clstown_ord_codehigh,categorical
V-Dem-CY-Full+Others-v16.csv,v2clstown_mean,quantitative
V-Dem-CY-Full+Others-v16.csv,v2clstown_nr,quantitative
V-Dem-CY-Full+Others-v16.csv,v2clprptym,quantitative
V-Dem-CY-Full+Others-v16.csv,v2clprptym_codelow,categorical
V-Dem-CY-Full+Others-v16.csv,v2clprptym_codehigh,categorical
V-Dem-CY-Full+Others-v16.csv,v2clprptym_sd,quantitative
V-Dem-CY-Full+Others-v16.csv,v2clprptym_osp,quantitative
V-Dem-CY-Full+Others-v16.csv,v2clprptym_osp_codelow,categorical
V-Dem-CY-Full+Others-v16.csv,v2clprptym_osp_codehigh,categorical
V-Dem-CY-Full+Others-v16.csv,v2clprptym_osp_sd,quantitative
V-Dem-CY-Full+Others-v16.csv,v2clprptym_ord,categorical
V-Dem-CY-Full+Others-v16.csv,v2clprptym_ord_codelow,categorical
V-Dem-CY-Full+Others-v16.csv,v2clprptym_ord_codehigh,categorical
V-Dem-CY-Full+Others-v16.csv,v2clprptym_mean,quantitative
V-Dem-CY-Full+Others-v16.csv,v2clprptym_nr,quantitative
V-Dem-CY-Full+Others-v16.csv,v2clprptyw,quantitative
V-Dem-CY-Full+Others-v16.csv,v2clprptyw_codelow,categorical
V-Dem-CY-Full+Others-v16.csv,v2clprptyw_codehigh,categorical
V-Dem-CY-Full+Others-v16.csv,v2clprptyw_sd,quantitative
V-Dem-CY-Full+Others-v16.csv,v2clprptyw_osp,quantitative
V-Dem-CY-Full+Others-v16.csv,v2clprptyw_osp_codelow,categorical
V-Dem-CY-Full+Others-v16.csv,v2clprptyw_osp_codehigh,categorical
V-Dem-CY-Full+Others-v16.csv,v2clprptyw_osp_sd,quantitative
V-Dem-CY-Full+Others-v16.csv,v2clprptyw_ord,categorical
V-Dem-CY-Full+Others-v16.csv,v2clprptyw_ord_codelow,categorical
V-Dem-CY-Full+Others-v16.csv,v2clprptyw_ord_codehigh,categorical
V-Dem-CY-Full+Others-v16.csv,v2clprptyw_mean,quantitative
V-Dem-CY-Full+Others-v16.csv,v2clprptyw_nr,quantitative
V-Dem-CY-Full+Others-v16.csv,v2svdomaut,quantitative
V-Dem-CY-Full+Others-v16.csv,v2svdomaut_codelow,categorical
V-Dem-CY-Full+Others-v16.csv,v2svdomaut_codehigh,categorical
V-Dem-CY-Full+Others-v16.csv,v2svdomaut_sd,quantitative
V-Dem-CY-Full+Others-v16.csv,v2svdomaut_osp,quantitative
V-Dem-CY-Full+Others-v16.csv,v2svdomaut_osp_codelow,categorical
V-Dem-CY-Full+Others-v16.csv,v2svdomaut_osp_codehigh,categorical
V-Dem-CY-Full+Others-v16.csv,v2svdomaut_osp_sd,quantitative
V-Dem-CY-Full+Others-v16.csv,v2svdomaut_ord,categorical
V-Dem-CY-Full+Others-v16.csv,v2svdomaut_ord_codelow,categorical
V-Dem-CY-Full+Others-v16.csv,v2svdomaut_ord_codehigh,categorical
V-Dem-CY-Full+Others-v16.csv,v2svdomaut_mean,quantitative
V-Dem-CY-Full+Others-v16.csv,v2svdomaut_nr,quantitative
V-Dem-CY-Full+Others-v16.csv,v2svinlaut,quantitative
V-Dem-CY-Full+Others-v16.csv,v2svinlaut_codelow,categorical
V-Dem-CY-Full+Others-v16.csv,v2svinlaut_codehigh,categorical
V-Dem-CY-Full+Others-v16.csv,v2svinlaut_sd,quantitative
V-Dem-CY-Full+Others-v16.csv,v2svinlaut_osp,quantitative
V-Dem-CY-Full+Others-v16.csv,v2svinlaut_osp_codelow,categorical
V-Dem-CY-Full+Others-v16.csv,v2svinlaut_osp_codehigh,categorical
V-Dem-CY-Full+Others-v16.csv,v2svinlaut_osp_sd,quantitative
V-Dem-CY-Full+Others-v16.csv,v2svinlaut_ord,categorical
V-Dem-CY-Full+Others-v16.csv,v2svinlaut_ord_codelow,categorical
V-Dem-CY-Full+Others-v16.csv,v2svinlaut_ord_codehigh,categorical
V-Dem-CY-Full+Others-v16.csv,v2svinlaut_mean,quantitative
V-Dem-CY-Full+Others-v16.csv,v2svinlaut_nr,quantitative
V-Dem-CY-Full+Others-v16.csv,v2svstterr,quantitative
V-Dem-CY-Full+Others-v16.csv,v2svstterr_codelow,categorical
V-Dem-CY-Full+Others-v16.csv,v2svstterr_codehigh,categorical
V-Dem-CY-Full+Others-v16.csv,v2svstterr_sd,quantitative
V-Dem-CY-Full+Others-v16.csv,v2svstterr_mean,quantitative
V-Dem-CY-Full+Others-v16.csv,v2svstterr_nr,quantitative
V-Dem-CY-Full+Others-v16.csv,v2stfisccap,quantitative
V-Dem-CY-Full+Others-v16.csv,v2stfisccap_codelow,categorical
V-Dem-CY-Full+Others-v16.csv,v2stfisccap_codehigh,categorical
V-Dem-CY-Full+Others-v16.csv,v2stfisccap_sd,quantitative
V-Dem-CY-Full+Others-v16.csv,v2stfisccap_osp,quantitative
V-Dem-CY-Full+Others-v16.csv,v2stfisccap_osp_codelow,categorical
V-Dem-CY-Full+Others-v16.csv,v2stfisccap_osp_codehigh,categorical
V-Dem-CY-Full+Others-v16.csv,v2stfisccap_osp_sd,quantitative
V-Dem-CY-Full+Others-v16.csv,v2stfisccap_ord,categorical
V-Dem-CY-Full+Others-v16.csv,v2stfisccap_ord_codelow,categorical
V-Dem-CY-Full+Others-v16.csv,v2stfisccap_ord_codehigh,categorical
V-Dem-CY-Full+Others-v16.csv,v2stfisccap_mean,quantitative
V-Dem-CY-Full+Others-v16.csv,v2stfisccap_nr,quantitative
V-Dem-CY-Full+Others-v16.csv,v2strenadm,quantitative
V-Dem-CY-Full+Others-v16.csv,v2strenadm_codelow,categorical
V-Dem-CY-Full+Others-v16.csv,v2strenadm_codehigh,categorical
V-Dem-CY-Full+Others-v16.csv,v2strenadm_sd,quantitative
V-Dem-CY-Full+Others-v16.csv,v2strenadm_osp,quantitative
V-Dem-CY-Full+Others-v16.csv,v2strenadm_osp_codelow,categorical
V-Dem-CY-Full+Others-v16.csv,v2strenadm_osp_codehigh,categorical
V-Dem-CY-Full+Others-v16.csv,v2strenadm_osp_sd,quantitative
V-Dem-CY-Full+Others-v16.csv,v2strenadm_ord,categorical
V-Dem-CY-Full+Others-v16.csv,v2strenadm_ord_codelow,categorical
V-Dem-CY-Full+Others-v16.csv,v2strenadm_ord_codehigh,categorical
V-Dem-CY-Full+Others-v16.csv,v2strenadm_mean,quantitative
V-Dem-CY-Full+Others-v16.csv,v2strenadm_nr,quantitative
V-Dem-CY-Full+Others-v16.csv,v2stcritrecadm,quantitative
V-Dem-CY-Full+Others-v16.csv,v2stcritrecadm_codelow,categorical
V-Dem-CY-Full+Others-v16.csv,v2stcritrecadm_codehigh,categorical
V-Dem-CY-Full+Others-v16.csv,v2stcritrecadm_sd,quantitative
V-Dem-CY-Full+Others-v16.csv,v2stcritrecadm_osp,quantitative
V-Dem-CY-Full+Others-v16.csv,v2stcritrecadm_osp_codelow,categorical
V-Dem-CY-Full+Others-v16.csv,v2stcritrecadm_osp_codehigh,categorical
V-Dem-CY-Full+Others-v16.csv,v2stcritrecadm_osp_sd,quantitative
V-Dem-CY-Full+Others-v16.csv,v2stcritrecadm_ord,categorical
V-Dem-CY-Full+Others-v16.csv,v2stcritrecadm_ord_codelow,categorical
V-Dem-CY-Full+Others-v16.csv,v2stcritrecadm_ord_codehigh,categorical
V-Dem-CY-Full+Others-v16.csv,v2stcritrecadm_mean,quantitative
V-Dem-CY-Full+Others-v16.csv,v2stcritrecadm_nr,quantitative
V-Dem-CY-Full+Others-v16.csv,v2svindep,categorical
V-Dem-CY-Full+Others-v16.csv,v2strenarm,quantitative
V-Dem-CY-Full+Others-v16.csv,v2strenarm_codelow,categorical
V-Dem-CY-Full+Others-v16.csv,v2strenarm_codehigh,categorical
V-Dem-CY-Full+Others-v16.csv,v2strenarm_sd,quantitative
V-Dem-CY-Full+Others-v16.csv,v2strenarm_osp,quantitative
V-Dem-CY-Full+Others-v16.csv,v2strenarm_osp_codelow,categorical
V-Dem-CY-Full+Others-v16.csv,v2strenarm_osp_codehigh,categorical
V-Dem-CY-Full+Others-v16.csv,v2strenarm_osp_sd,quantitative
V-Dem-CY-Full+Others-v16.csv,v2strenarm_ord,categorical
V-Dem-CY-Full+Others-v16.csv,v2strenarm_ord_codelow,categorical
V-Dem-CY-Full+Others-v16.csv,v2strenarm_ord_codehigh,categorical
V-Dem-CY-Full+Others-v16.csv,v2strenarm_mean,quantitative
V-Dem-CY-Full+Others-v16.csv,v2strenarm_nr,quantitative
V-Dem-CY-Full+Others-v16.csv,v2stcritapparm,quantitative
V-Dem-CY-Full+Others-v16.csv,v2stcritapparm_codelow,categorical
V-Dem-CY-Full+Others-v16.csv,v2stcritapparm_codehigh,categorical
V-Dem-CY-Full+Others-v16.csv,v2stcritapparm_sd,quantitative
V-Dem-CY-Full+Others-v16.csv,v2stcritapparm_osp,quantitative
V-Dem-CY-Full+Others-v16.csv,v2stcritapparm_osp_codelow,categorical
V-Dem-CY-Full+Others-v16.csv,v2stcritapparm_osp_codehigh,categorical
V-Dem-CY-Full+Others-v16.csv,v2stcritapparm_osp_sd,quantitative
V-Dem-CY-Full+Others-v16.csv,v2stcritapparm_ord,categorical
V-Dem-CY-Full+Others-v16.csv,v2stcritapparm_ord_codelow,categorical
V-Dem-CY-Full+Others-v16.csv,v2stcritapparm_ord_codehigh,categorical
V-Dem-CY-Full+Others-v16.csv,v2stcritapparm_mean,quantitative
V-Dem-CY-Full+Others-v16.csv,v2stcritapparm_nr,quantitative
V-Dem-CY-Full+Others-v16.csv,v2cseeorgs,quantitative
V-Dem-CY-Full+Others-v16.csv,v2cseeorgs_codelow,categorical
V-Dem-CY-Full+Others-v16.csv,v2cseeorgs_codehigh,categorical
V-Dem-CY-Full+Others-v16.csv,v2cseeorgs_sd,quantitative
V-Dem-CY-Full+Others-v16.csv,v2cseeorgs_osp,quantitative
V-Dem-CY-Full+Others-v16.csv,v2cseeorgs_osp_codelow,categorical
V-Dem-CY-Full+Others-v16.csv,v2cseeorgs_osp_codehigh,categorical
V-Dem-CY-Full+Others-v16.csv,v2cseeorgs_osp_sd,quantitative
V-Dem-CY-Full+Others-v16.csv,v2cseeorgs_ord,categorical
V-Dem-CY-Full+Others-v16.csv,v2cseeorgs_ord_codelow,categorical
V-Dem-CY-Full+Others-v16.csv,v2cseeorgs_ord_codehigh,categorical
V-Dem-CY-Full+Others-v16.csv,v2cseeorgs_mean,quantitative
V-Dem-CY-Full+Others-v16.csv,v2cseeorgs_nr,quantitative
V-Dem-CY-Full+Others-v16.csv,v2csreprss,quantitative
V-Dem-CY-Full+Others-v16.csv,v2csreprss_codelow,categorical
V-Dem-CY-Full+Others-v16.csv,v2csreprss_codehigh,categorical
V-Dem-CY-Full+Others-v16.csv,v2csreprss_sd,quantitative
V-Dem-CY-Full+Others-v16.csv,v2csreprss_osp,quantitative
V-Dem-CY-Full+Others-v16.csv,v2csreprss_osp_codelow,categorical
V-Dem-CY-Full+Others-v16.csv,v2csreprss_osp_codehigh,categorical
V-Dem-CY-Full+Others-v16.csv,v2csreprss_osp_sd,quantitative
V-Dem-CY-Full+Others-v16.csv,v2csreprss_ord,categorical
V-Dem-CY-Full+Others-v16.csv,v2csreprss_ord_codelow,categorical
V-Dem-CY-Full+Others-v16.csv,v2csreprss_ord_codehigh,categorical
V-Dem-CY-Full+Others-v16.csv,v2csreprss_mean,quantitative
V-Dem-CY-Full+Others-v16.csv,v2csreprss_nr,quantitative
V-Dem-CY-Full+Others-v16.csv,v2cscnsult,quantitative
V-Dem-CY-Full+Others-v16.csv,v2cscnsult_codelow,categorical
V-Dem-CY-Full+Others-v16.csv,v2cscnsult_codehigh,categorical
V-Dem-CY-Full+Others-v16.csv,v2cscnsult_sd,quantitative
V-Dem-CY-Full+Others-v16.csv,v2cscnsult_osp,quantitative
V-Dem-CY-Full+Others-v16.csv,v2cscnsult_osp_codelow,categorical
V-Dem-CY-Full+Others-v16.csv,v2cscnsult_osp_codehigh,categorical
V-Dem-CY-Full+Others-v16.csv,v2cscnsult_osp_sd,quantitative
V-Dem-CY-Full+Others-v16.csv,v2cscnsult_ord,categorical
V-Dem-CY-Full+Others-v16.csv,v2cscnsult_ord_codelow,categorical
V-Dem-CY-Full+Others-v16.csv,v2cscnsult_ord_codehigh,categorical
V-Dem-CY-Full+Others-v16.csv,v2cscnsult_mean,quantitative
V-Dem-CY-Full+Others-v16.csv,v2cscnsult_nr,quantitative
V-Dem-CY-Full+Others-v16.csv,v2csprtcpt,quantitative
V-Dem-CY-Full+Others-v16.csv,v2csprtcpt_codelow,categorical
V-Dem-CY-Full+Others-v16.csv,v2csprtcpt_codehigh,categorical
V-Dem-CY-Full+Others-v16.csv,v2csprtcpt_sd,quantitative
V-Dem-CY-Full+Others-v16.csv,v2csprtcpt_osp,quantitative
V-Dem-CY-Full+Others-v16.csv,v2csprtcpt_osp_codelow,categorical
V-Dem-CY-Full+Others-v16.csv,v2csprtcpt_osp_codehigh,categorical
V-Dem-CY-Full+Others-v16.csv,v2csprtcpt_osp_sd,quantitative
V-Dem-CY-Full+Others-v16.csv,v2csprtcpt_ord,categorical
V-Dem-CY-Full+Others-v16.csv,v2csprtcpt_ord_codelow,categorical
V-Dem-CY-Full+Others-v16.csv,v2csprtcpt_ord_codehigh,categorical
V-Dem-CY-Full+Others-v16.csv,v2csprtcpt_mean,quantitative
V-Dem-CY-Full+Others-v16.csv,v2csprtcpt_nr,quantitative
V-Dem-CY-Full+Others-v16.csv,v2csgender,quantitative
V-Dem-CY-Full+Others-v16.csv,v2csgender_codelow,categorical
V-Dem-CY-Full+Others-v16.csv,v2csgender_codehigh,categorical
V-Dem-CY-Full+Others-v16.csv,v2csgender_sd,quantitative
V-Dem-CY-Full+Others-v16.csv,v2csgender_osp,quantitative
V-Dem-CY-Full+Others-v16.csv,v2csgender_osp_codelow,categorical
V-Dem-CY-Full+Others-v16.csv,v2csgender_osp_codehigh,categorical
V-Dem-CY-Full+Others-v16.csv,v2csgender_osp_sd,quantitative
V-Dem-CY-Full+Others-v16.csv,v2csgender_ord,categorical
V-Dem-CY-Full+Others-v16.csv,v2csgender_ord_codelow,categorical
V-Dem-CY-Full+Others-v16.csv,v2csgender_ord_codehigh,categorical
V-Dem-CY-Full+Others-v16.csv,v2csgender_mean,quantitative
V-Dem-CY-Full+Others-v16.csv,v2csgender_nr,quantitative
V-Dem-CY-Full+Others-v16.csv,v2csantimv,quantitative
V-Dem-CY-Full+Others-v16.csv,v2csantimv_codelow,categorical
V-Dem-CY-Full+Others-v16.csv,v2csantimv_codehigh,categorical
V-Dem-CY-Full+Others-v16.csv,v2csantimv_sd,quantitative
V-Dem-CY-Full+Others-v16.csv,v2csantimv_osp,quantitative
V-Dem-CY-Full+Others-v16.csv,v2csantimv_osp_codelow,categorical
V-Dem-CY-Full+Others-v16.csv,v2csantimv_osp_codehigh,categorical
V-Dem-CY-Full+Others-v16.csv,v2csantimv_osp_sd,quantitative
V-Dem-CY-Full+Others-v16.csv,v2csantimv_ord,categorical
V-Dem-CY-Full+Others-v16.csv,v2csantimv_ord_codelow,categorical
V-Dem-CY-Full+Others-v16.csv,v2csantimv_ord_codehigh,categorical
V-Dem-CY-Full+Others-v16.csv,v2csantimv_mean,quantitative
V-Dem-CY-Full+Others-v16.csv,v2csantimv_nr,quantitative
V-Dem-CY-Full+Others-v16.csv,v2csrlgrep,quantitative
V-Dem-CY-Full+Others-v16.csv,v2csrlgrep_codelow,categorical
V-Dem-CY-Full+Others-v16.csv,v2csrlgrep_codehigh,categorical
V-Dem-CY-Full+Others-v16.csv,v2csrlgrep_sd,quantitative
V-Dem-CY-Full+Others-v16.csv,v2csrlgrep_osp,quantitative
V-Dem-CY-Full+Others-v16.csv,v2csrlgrep_osp_codelow,categorical
V-Dem-CY-Full+Others-v16.csv,v2csrlgrep_osp_codehigh,categorical
V-Dem-CY-Full+Others-v16.csv,v2csrlgrep_osp_sd,quantitative
V-Dem-CY-Full+Others-v16.csv,v2csrlgrep_ord,categorical
V-Dem-CY-Full+Others-v16.csv,v2csrlgrep_ord_codelow,categorical
V-Dem-CY-Full+Others-v16.csv,v2csrlgrep_ord_codehigh,categorical
V-Dem-CY-Full+Others-v16.csv,v2csrlgrep_mean,quantitative
V-Dem-CY-Full+Others-v16.csv,v2csrlgrep_nr,quantitative
V-Dem-CY-Full+Others-v16.csv,v2csrlgcon,quantitative
V-Dem-CY-Full+Others-v16.csv,v2csrlgcon_codelow,categorical
V-Dem-CY-Full+Others-v16.csv,v2csrlgcon_codehigh,categorical
V-Dem-CY-Full+Others-v16.csv,v2csrlgcon_sd,quantitative
V-Dem-CY-Full+Others-v16.csv,v2csrlgcon_osp,quantitative
V-Dem-CY-Full+Others-v16.csv,v2csrlgcon_osp_codelow,categorical
V-Dem-CY-Full+Others-v16.csv,v2csrlgcon_osp_codehigh,categorical
V-Dem-CY-Full+Others-v16.csv,v2csrlgcon_osp_sd,quantitative
V-Dem-CY-Full+Others-v16.csv,v2csrlgcon_ord,categorical
V-Dem-CY-Full+Others-v16.csv,v2csrlgcon_ord_codelow,categorical
V-Dem-CY-Full+Others-v16.csv,v2csrlgcon_ord_codehigh,categorical
V-Dem-CY-Full+Others-v16.csv,v2csrlgcon_mean,quantitative
V-Dem-CY-Full+Others-v16.csv,v2csrlgcon_nr,quantitative
V-Dem-CY-Full+Others-v16.csv,v2csanmvch_0,quantitative
V-Dem-CY-Full+Others-v16.csv,v2csanmvch_1,quantitative
V-Dem-CY-Full+Others-v16.csv,v2csanmvch_2,quantitative
V-Dem-CY-Full+Others-v16.csv,v2csanmvch_3,quantitative
V-Dem-CY-Full+Others-v16.csv,v2csanmvch_4,quantitative
V-Dem-CY-Full+Others-v16.csv,v2csanmvch_5,quantitative
V-Dem-CY-Full+Others-v16.csv,v2csanmvch_6,quantitative
V-Dem-CY-Full+Others-v16.csv,v2csanmvch_7,quantitative
V-Dem-CY-Full+Others-v16.csv,v2csanmvch_8,quantitative
V-Dem-CY-Full+Others-v16.csv,v2csanmvch_9,quantitative
V-Dem-CY-Full+Others-v16.csv,v2csanmvch_10,quantitative
V-Dem-CY-Full+Others-v16.csv,v2csanmvch_11,quantitative
V-Dem-CY-Full+Others-v16.csv,v2csanmvch_12,quantitative
V-Dem-CY-Full+Others-v16.csv,v2csanmvch_nr,quantitative
V-Dem-CY-Full+Others-v16.csv,v2csstruc_0,quantitative
V-Dem-CY-Full+Others-v16.csv,v2csstruc_1,quantitative
V-Dem-CY-Full+Others-v16.csv,v2csstruc_2,quantitative
V-Dem-CY-Full+Others-v16.csv,v2csstruc_3,quantitative
V-Dem-CY-Full+Others-v16.csv,v2csstruc_nr,quantitative
V-Dem-CY-Full+Others-v16.csv,v2mecenefm,quantitative
V-Dem-CY-Full+Others-v16.csv,v2mecenefm_codelow,categorical
V-Dem-CY-Full+Others-v16.csv,v2mecenefm_codehigh,categorical
V-Dem-CY-Full+Others-v16.csv,v2mecenefm_sd,quantitative
V-Dem-CY-Full+Others-v16.csv,v2mecenefm_osp,quantitative
V-Dem-CY-Full+Others-v16.csv,v2mecenefm_osp_codelow,categorical
V-Dem-CY-Full+Others-v16.csv,v2mecenefm_osp_codehigh,categorical
V-Dem-CY-Full+Others-v16.csv,v2mecenefm_osp_sd,quantitative
V-Dem-CY-Full+Others-v16.csv,v2mecenefm_ord,categorical
V-Dem-CY-Full+Others-v16.csv,v2mecenefm_ord_codelow,categorical
V-Dem-CY-Full+Others-v16.csv,v2mecenefm_ord_codehigh,categorical
V-Dem-CY-Full+Others-v16.csv,v2mecenefm_mean,quantitative
V-Dem-CY-Full+Others-v16.csv,v2mecenefm_nr,quantitative
V-Dem-CY-Full+Others-v16.csv,v2mecenefi,quantitative
V-Dem-CY-Full+Others-v16.csv,v2mecenefi_codelow,categorical
V-Dem-CY-Full+Others-v16.csv,v2mecenefi_codehigh,categorical
V-Dem-CY-Full+Others-v16.csv,v2mecenefi_sd,quantitative
V-Dem-CY-Full+Others-v16.csv,v2mecenefi_osp,quantitative
V-Dem-CY-Full+Others-v16.csv,v2mecenefi_osp_codelow,categorical
V-Dem-CY-Full+Others-v16.csv,v2mecenefi_osp_codehigh,categorical
V-Dem-CY-Full+Others-v16.csv,v2mecenefi_osp_sd,quantitative
V-Dem-CY-Full+Others-v16.csv,v2mecenefi_ord,categorical
V-Dem-CY-Full+Others-v16.csv,v2mecenefi_ord_codelow,categorical
V-Dem-CY-Full+Others-v16.csv,v2mecenefi_ord_codehigh,categorical
V-Dem-CY-Full+Others-v16.csv,v2mecenefi_mean,quantitative
V-Dem-CY-Full+Others-v16.csv,v2mecenefi_nr,quantitative
V-Dem-CY-Full+Others-v16.csv,v2mecenefibin,quantitative
V-Dem-CY-Full+Others-v16.csv,v2mecenefibin_codelow,categorical
V-Dem-CY-Full+Others-v16.csv,v2mecenefibin_codehigh,categorical
V-Dem-CY-Full+Others-v16.csv,v2mecenefibin_sd,quantitative
V-Dem-CY-Full+Others-v16.csv,v2mecenefibin_osp,quantitative
V-Dem-CY-Full+Others-v16.csv,v2mecenefibin_osp_codelow,categorical
V-Dem-CY-Full+Others-v16.csv,v2mecenefibin_osp_codehigh,categorical
V-Dem-CY-Full+Others-v16.csv,v2mecenefibin_osp_sd,quantitative
V-Dem-CY-Full+Others-v16.csv,v2mecenefibin_ord,categorical
V-Dem-CY-Full+Others-v16.csv,v2mecenefibin_ord_codelow,categorical
V-Dem-CY-Full+Others-v16.csv,v2mecenefibin_ord_codehigh,categorical
V-Dem-CY-Full+Others-v16.csv,v2mecenefibin_mean,quantitative
V-Dem-CY-Full+Others-v16.csv,v2mecenefibin_nr,quantitative
V-Dem-CY-Full+Others-v16.csv,v2mecrit,quantitative
V-Dem-CY-Full+Others-v16.csv,v2mecrit_codelow,categorical
V-Dem-CY-Full+Others-v16.csv,v2mecrit_codehigh,categorical
V-Dem-CY-Full+Others-v16.csv,v2mecrit_sd,quantitative
V-Dem-CY-Full+Others-v16.csv,v2mecrit_osp,quantitative
V-Dem-CY-Full+Others-v16.csv,v2mecrit_osp_codelow,categorical
V-Dem-CY-Full+Others-v16.csv,v2mecrit_osp_codehigh,categorical
V-Dem-CY-Full+Others-v16.csv,v2mecrit_osp_sd,quantitative
V-Dem-CY-Full+Others-v16.csv,v2mecrit_ord,categorical
V-Dem-CY-Full+Others-v16.csv,v2mecrit_ord_codelow,categorical
V-Dem-CY-Full+Others-v16.csv,v2mecrit_ord_codehigh,categorical
V-Dem-CY-Full+Others-v16.csv,v2mecrit_mean,quantitative
V-Dem-CY-Full+Others-v16.csv,v2mecrit_nr,quantitative
V-Dem-CY-Full+Others-v16.csv,v2merange,quantitative
V-Dem-CY-Full+Others-v16.csv,v2merange_codelow,categorical
V-Dem-CY-Full+Others-v16.csv,v2merange_codehigh,categorical
V-Dem-CY-Full+Others-v16.csv,v2merange_sd,quantitative
V-Dem-CY-Full+Others-v16.csv,v2merange_osp,quantitative
V-Dem-CY-Full+Others-v16.csv,v2merange_osp_codelow,categorical
V-Dem-CY-Full+Others-v16.csv,v2merange_osp_codehigh,categorical
V-Dem-CY-Full+Others-v16.csv,v2merange_osp_sd,quantitative
V-Dem-CY-Full+Others-v16.csv,v2merange_ord,categorical
V-Dem-CY-Full+Others-v16.csv,v2merange_ord_codelow,categorical
V-Dem-CY-Full+Others-v16.csv,v2merange_ord_codehigh,categorical
V-Dem-CY-Full+Others-v16.csv,v2merange_mean,quantitative
V-Dem-CY-Full+Others-v16.csv,v2merange_nr,quantitative
V-Dem-CY-Full+Others-v16.csv,v2mefemjrn,quantitative
V-Dem-CY-Full+Others-v16.csv,v2mefemjrn_codelow,categorical
V-Dem-CY-Full+Others-v16.csv,v2mefemjrn_codehigh,categorical
V-Dem-CY-Full+Others-v16.csv,v2mefemjrn_sd,quantitative
V-Dem-CY-Full+Others-v16.csv,v2mefemjrn_mean,quantitative
V-Dem-CY-Full+Others-v16.csv,v2mefemjrn_nr,quantitative
V-Dem-CY-Full+Others-v16.csv,v2meharjrn,quantitative
V-Dem-CY-Full+Others-v16.csv,v2meharjrn_codelow,categorical
V-Dem-CY-Full+Others-v16.csv,v2meharjrn_codehigh,categorical
V-Dem-CY-Full+Others-v16.csv,v2meharjrn_sd,quantitative
V-Dem-CY-Full+Others-v16.csv,v2meharjrn_osp,quantitative
V-Dem-CY-Full+Others-v16.csv,v2meharjrn_osp_codelow,categorical
V-Dem-CY-Full+Others-v16.csv,v2meharjrn_osp_codehigh,categorical
V-Dem-CY-Full+Others-v16.csv,v2meharjrn_osp_sd,quantitative
V-Dem-CY-Full+Others-v16.csv,v2meharjrn_ord,categorical
V-Dem-CY-Full+Others-v16.csv,v2meharjrn_ord_codelow,categorical
V-Dem-CY-Full+Others-v16.csv,v2meharjrn_ord_codehigh,categorical
V-Dem-CY-Full+Others-v16.csv,v2meharjrn_mean,quantitative
V-Dem-CY-Full+Others-v16.csv,v2meharjrn_nr,quantitative
V-Dem-CY-Full+Others-v16.csv,v2meslfcen,quantitative
V-Dem-CY-Full+Others-v16.csv,v2meslfcen_codelow,categorical
V-Dem-CY-Full+Others-v16.csv,v2meslfcen_codehigh,categorical
V-Dem-CY-Full+Others-v16.csv,v2meslfcen_sd,quantitative
V-Dem-CY-Full+Others-v16.csv,v2meslfcen_osp,quantitative
V-Dem-CY-Full+Others-v16.csv,v2meslfcen_osp_codelow,categorical
V-Dem-CY-Full+Others-v16.csv,v2meslfcen_osp_codehigh,categorical
V-Dem-CY-Full+Others-v16.csv,v2meslfcen_osp_sd,quantitative
V-Dem-CY-Full+Others-v16.csv,v2meslfcen_ord,categorical
V-Dem-CY-Full+Others-v16.csv,v2meslfcen_ord_codelow,categorical
V-Dem-CY-Full+Others-v16.csv,v2meslfcen_ord_codehigh,categorical
V-Dem-CY-Full+Others-v16.csv,v2meslfcen_mean,quantitative
V-Dem-CY-Full+Others-v16.csv,v2meslfcen_nr,quantitative
V-Dem-CY-Full+Others-v16.csv,v2mebias,quantitative
V-Dem-CY-Full+Others-v16.csv,v2mebias_codelow,categorical
V-Dem-CY-Full+Others-v16.csv,v2mebias_codehigh,categorical
V-Dem-CY-Full+Others-v16.csv,v2mebias_sd,quantitative
V-Dem-CY-Full+Others-v16.csv,v2mebias_osp,quantitative
V-Dem-CY-Full+Others-v16.csv,v2mebias_osp_codelow,categorical
V-Dem-CY-Full+Others-v16.csv,v2mebias_osp_codehigh,categorical
V-Dem-CY-Full+Others-v16.csv,v2mebias_osp_sd,quantitative
V-Dem-CY-Full+Others-v16.csv,v2mebias_ord,categorical
V-Dem-CY-Full+Others-v16.csv,v2mebias_ord_codelow,categorical
V-Dem-CY-Full+Others-v16.csv,v2mebias_ord_codehigh,categorical
V-Dem-CY-Full+Others-v16.csv,v2mebias_mean,quantitative
V-Dem-CY-Full+Others-v16.csv,v2mebias_nr,quantitative
V-Dem-CY-Full+Others-v16.csv,v2mecorrpt,quantitative
V-Dem-CY-Full+Others-v16.csv,v2mecorrpt_codelow,categorical
V-Dem-CY-Full+Others-v16.csv,v2mecorrpt_codehigh,categorical
V-Dem-CY-Full+Others-v16.csv,v2mecorrpt_sd,quantitative
V-Dem-CY-Full+Others-v16.csv,v2mecorrpt_osp,quantitative
V-Dem-CY-Full+Others-v16.csv,v2mecorrpt_osp_codelow,categorical
V-Dem-CY-Full+Others-v16.csv,v2mecorrpt_osp_codehigh,categorical
V-Dem-CY-Full+Others-v16.csv,v2mecorrpt_osp_sd,quantitative
V-Dem-CY-Full+Others-v16.csv,v2mecorrpt_ord,categorical
V-Dem-CY-Full+Others-v16.csv,v2mecorrpt_ord_codelow,categorical
V-Dem-CY-Full+Others-v16.csv,v2mecorrpt_ord_codehigh,categorical
V-Dem-CY-Full+Others-v16.csv,v2mecorrpt_mean,quantitative
V-Dem-CY-Full+Others-v16.csv,v2mecorrpt_nr,quantitative
V-Dem-CY-Full+Others-v16.csv,v2pepwrses,quantitative
V-Dem-CY-Full+Others-v16.csv,v2pepwrses_codelow,categorical
V-Dem-CY-Full+Others-v16.csv,v2pepwrses_codehigh,categorical
V-Dem-CY-Full+Others-v16.csv,v2pepwrses_sd,quantitative
V-Dem-CY-Full+Others-v16.csv,v2pepwrses_osp,quantitative
V-Dem-CY-Full+Others-v16.csv,v2pepwrses_osp_codelow,categorical
V-Dem-CY-Full+Others-v16.csv,v2pepwrses_osp_codehigh,categorical
V-Dem-CY-Full+Others-v16.csv,v2pepwrses_osp_sd,quantitative
V-Dem-CY-Full+Others-v16.csv,v2pepwrses_ord,categorical
V-Dem-CY-Full+Others-v16.csv,v2pepwrses_ord_codelow,categorical
V-Dem-CY-Full+Others-v16.csv,v2pepwrses_ord_codehigh,categorical
V-Dem-CY-Full+Others-v16.csv,v2pepwrses_mean,quantitative
V-Dem-CY-Full+Others-v16.csv,v2pepwrses_nr,quantitative
V-Dem-CY-Full+Others-v16.csv,v2pepwrsoc,quantitative
V-Dem-CY-Full+Others-v16.csv,v2pepwrsoc_codelow,categorical
V-Dem-CY-Full+Others-v16.csv,v2pepwrsoc_codehigh,categorical
V-Dem-CY-Full+Others-v16.csv,v2pepwrsoc_sd,quantitative
V-Dem-CY-Full+Others-v16.csv,v2pepwrsoc_osp,quantitative
V-Dem-CY-Full+Others-v16.csv,v2pepwrsoc_osp_codelow,categorical
V-Dem-CY-Full+Others-v16.csv,v2pepwrsoc_osp_codehigh,categorical
V-Dem-CY-Full+Others-v16.csv,v2pepwrsoc_osp_sd,quantitative
V-Dem-CY-Full+Others-v16.csv,v2pepwrsoc_ord,categorical
V-Dem-CY-Full+Others-v16.csv,v2pepwrsoc_ord_codelow,categorical
V-Dem-CY-Full+Others-v16.csv,v2pepwrsoc_ord_codehigh,categorical
V-Dem-CY-Full+Others-v16.csv,v2pepwrsoc_mean,quantitative
V-Dem-CY-Full+Others-v16.csv,v2pepwrsoc_nr,quantitative
V-Dem-CY-Full+Others-v16.csv,v2pepwrgen,quantitative
V-Dem-CY-Full+Others-v16.csv,v2pepwrgen_codelow,categorical
V-Dem-CY-Full+Others-v16.csv,v2pepwrgen_codehigh,categorical
V-Dem-CY-Full+Others-v16.csv,v2pepwrgen_sd,quantitative
V-Dem-CY-Full+Others-v16.csv,v2pepwrgen_osp,quantitative
V-Dem-CY-Full+Others-v16.csv,v2pepwrgen_osp_codelow,categorical
V-Dem-CY-Full+Others-v16.csv,v2pepwrgen_osp_codehigh,categorical
V-Dem-CY-Full+Others-v16.csv,v2pepwrgen_osp_sd,quantitative
V-Dem-CY-Full+Others-v16.csv,v2pepwrgen_ord,categorical
V-Dem-CY-Full+Others-v16.csv,v2pepwrgen_ord_codelow,categorical
V-Dem-CY-Full+Others-v16.csv,v2pepwrgen_ord_codehigh,categorical
V-Dem-CY-Full+Others-v16.csv,v2pepwrgen_mean,quantitative
V-Dem-CY-Full+Others-v16.csv,v2pepwrgen_nr,quantitative
V-Dem-CY-Full+Others-v16.csv,v2pepwrort,quantitative
V-Dem-CY-Full+Others-v16.csv,v2pepwrort_codelow,categorical
V-Dem-CY-Full+Others-v16.csv,v2pepwrort_codehigh,categorical
V-Dem-CY-Full+Others-v16.csv,v2pepwrort_sd,quantitative
V-Dem-CY-Full+Others-v16.csv,v2pepwrort_osp,quantitative
V-Dem-CY-Full+Others-v16.csv,v2pepwrort_osp_codelow,categorical
V-Dem-CY-Full+Others-v16.csv,v2pepwrort_osp_codehigh,categorical
V-Dem-CY-Full+Others-v16.csv,v2pepwrort_osp_sd,quantitative
V-Dem-CY-Full+Others-v16.csv,v2pepwrort_ord,categorical
V-Dem-CY-Full+Others-v16.csv,v2pepwrort_ord_codelow,categorical
V-Dem-CY-Full+Others-v16.csv,v2pepwrort_ord_codehigh,categorical
V-Dem-CY-Full+Others-v16.csv,v2pepwrort_mean,quantitative
V-Dem-CY-Full+Others-v16.csv,v2pepwrort_nr,quantitative
V-Dem-CY-Full+Others-v16.csv,v2peedueq,quantitative
V-Dem-CY-Full+Others-v16.csv,v2peedueq_codelow,categorical
V-Dem-CY-Full+Others-v16.csv,v2peedueq_codehigh,categorical
V-Dem-CY-Full+Others-v16.csv,v2peedueq_sd,quantitative
V-Dem-CY-Full+Others-v16.csv,v2peedueq_osp,quantitative
V-Dem-CY-Full+Others-v16.csv,v2peedueq_osp_codelow,categorical
V-Dem-CY-Full+Others-v16.csv,v2peedueq_osp_codehigh,categorical
V-Dem-CY-Full+Others-v16.csv,v2peedueq_osp_sd,quantitative
V-Dem-CY-Full+Others-v16.csv,v2peedueq_ord,categorical
V-Dem-CY-Full+Others-v16.csv,v2peedueq_ord_codelow,categorical
V-Dem-CY-Full+Others-v16.csv,v2peedueq_ord_codehigh,categorical
V-Dem-CY-Full+Others-v16.csv,v2peedueq_mean,quantitative
V-Dem-CY-Full+Others-v16.csv,v2peedueq_nr,quantitative
V-Dem-CY-Full+Others-v16.csv,v2pehealth,quantitative
V-Dem-CY-Full+Others-v16.csv,v2pehealth_codelow,categorical
V-Dem-CY-Full+Others-v16.csv,v2pehealth_codehigh,categorical
V-Dem-CY-Full+Others-v16.csv,v2pehealth_sd,quantitative
V-Dem-CY-Full+Others-v16.csv,v2pehealth_osp,quantitative
V-Dem-CY-Full+Others-v16.csv,v2pehealth_osp_codelow,categorical
V-Dem-CY-Full+Others-v16.csv,v2pehealth_osp_codehigh,categorical
V-Dem-CY-Full+Others-v16.csv,v2pehealth_osp_sd,quantitative
V-Dem-CY-Full+Others-v16.csv,v2pehealth_ord,categorical
V-Dem-CY-Full+Others-v16.csv,v2pehealth_ord_codelow,categorical
V-Dem-CY-Full+Others-v16.csv,v2pehealth_ord_codehigh,categorical
V-Dem-CY-Full+Others-v16.csv,v2pehealth_mean,quantitative
V-Dem-CY-Full+Others-v16.csv,v2pehealth_nr,quantitative
V-Dem-CY-Full+Others-v16.csv,v2peprisch,quantitative
V-Dem-CY-Full+Others-v16.csv,v2pesecsch,quantitative
V-Dem-CY-Full+Others-v16.csv,v2petersch,quantitative
V-Dem-CY-Full+Others-v16.csv,v2peapsecon,quantitative
V-Dem-CY-Full+Others-v16.csv,v2peapsecon_codelow,categorical
V-Dem-CY-Full+Others-v16.csv,v2peapsecon_codehigh,categorical
V-Dem-CY-Full+Others-v16.csv,v2peapsecon_sd,quantitative
V-Dem-CY-Full+Others-v16.csv,v2peapsecon_osp,quantitative
V-Dem-CY-Full+Others-v16.csv,v2peapsecon_osp_codelow,categorical
V-Dem-CY-Full+Others-v16.csv,v2peapsecon_osp_codehigh,categorical
V-Dem-CY-Full+Others-v16.csv,v2peapsecon_osp_sd,quantitative
V-Dem-CY-Full+Others-v16.csv,v2peapsecon_ord,categorical
V-Dem-CY-Full+Others-v16.csv,v2peapsecon_ord_codelow,categorical
V-Dem-CY-Full+Others-v16.csv,v2peapsecon_ord_codehigh,categorical
V-Dem-CY-Full+Others-v16.csv,v2peapsecon_mean,quantitative
V-Dem-CY-Full+Others-v16.csv,v2peapsecon_nr,quantitative
V-Dem-CY-Full+Others-v16.csv,v2peasjsoecon,quantitative
V-Dem-CY-Full+Others-v16.csv,v2peasjsoecon_codelow,categorical
V-Dem-CY-Full+Others-v16.csv,v2peasjsoecon_codehigh,categorical
V-Dem-CY-Full+Others-v16.csv,v2peasjsoecon_sd,quantitative
V-Dem-CY-Full+Others-v16.csv,v2peasjsoecon_osp,quantitative
V-Dem-CY-Full+Others-v16.csv,v2peasjsoecon_osp_codelow,categorical
V-Dem-CY-Full+Others-v16.csv,v2peasjsoecon_osp_codehigh,categorical
V-Dem-CY-Full+Others-v16.csv,v2peasjsoecon_osp_sd,quantitative
V-Dem-CY-Full+Others-v16.csv,v2peasjsoecon_ord,categorical
V-Dem-CY-Full+Others-v16.csv,v2peasjsoecon_ord_codelow,categorical
V-Dem-CY-Full+Others-v16.csv,v2peasjsoecon_ord_codehigh,categorical
V-Dem-CY-Full+Others-v16.csv,v2peasjsoecon_mean,quantitative
V-Dem-CY-Full+Others-v16.csv,v2peasjsoecon_nr,quantitative
V-Dem-CY-Full+Others-v16.csv,v2peasbecon,quantitative
V-Dem-CY-Full+Others-v16.csv,v2peasbecon_codelow,categorical
V-Dem-CY-Full+Others-v16.csv,v2peasbecon_codehigh,categorical
V-Dem-CY-Full+Others-v16.csv,v2peasbecon_sd,quantitative
V-Dem-CY-Full+Others-v16.csv,v2peasbecon_osp,quantitative
V-Dem-CY-Full+Others-v16.csv,v2peasbecon_osp_codelow,categorical
V-Dem-CY-Full+Others-v16.csv,v2peasbecon_osp_codehigh,categorical
V-Dem-CY-Full+Others-v16.csv,v2peasbecon_osp_sd,quantitative
V-Dem-CY-Full+Others-v16.csv,v2peasbecon_ord,categorical
V-Dem-CY-Full+Others-v16.csv,v2peasbecon_ord_codelow,categorical
V-Dem-CY-Full+Others-v16.csv,v2peasbecon_ord_codehigh,categorical
V-Dem-CY-Full+Others-v16.csv,v2peasbecon_mean,quantitative
V-Dem-CY-Full+Others-v16.csv,v2peasbecon_nr,quantitative
V-Dem-CY-Full+Others-v16.csv,v2clgencl,quantitative
V-Dem-CY-Full+Others-v16.csv,v2clgencl_codelow,categorical
V-Dem-CY-Full+Others-v16.csv,v2clgencl_codehigh,categorical
V-Dem-CY-Full+Others-v16.csv,v2clgencl_sd,quantitative
V-Dem-CY-Full+Others-v16.csv,v2clgencl_osp,quantitative
V-Dem-CY-Full+Others-v16.csv,v2clgencl_osp_codelow,categorical
V-Dem-CY-Full+Others-v16.csv,v2clgencl_osp_codehigh,categorical
V-Dem-CY-Full+Others-v16.csv,v2clgencl_osp_sd,quantitative
V-Dem-CY-Full+Others-v16.csv,v2clgencl_ord,categorical
V-Dem-CY-Full+Others-v16.csv,v2clgencl_ord_codelow,categorical
V-Dem-CY-Full+Others-v16.csv,v2clgencl_ord_codehigh,categorical
V-Dem-CY-Full+Others-v16.csv,v2clgencl_mean,quantitative
V-Dem-CY-Full+Others-v16.csv,v2clgencl_nr,quantitative
V-Dem-CY-Full+Others-v16.csv,v2peapsgen,quantitative
V-Dem-CY-Full+Others-v16.csv,v2peapsgen_codelow,categorical
V-Dem-CY-Full+Others-v16.csv,v2peapsgen_codehigh,categorical
V-Dem-CY-Full+Others-v16.csv,v2peapsgen_sd,quantitative
V-Dem-CY-Full+Others-v16.csv,v2peapsgen_osp,quantitative
V-Dem-CY-Full+Others-v16.csv,v2peapsgen_osp_codelow,categorical
V-Dem-CY-Full+Others-v16.csv,v2peapsgen_osp_codehigh,categorical
V-Dem-CY-Full+Others-v16.csv,v2peapsgen_osp_sd,quantitative
V-Dem-CY-Full+Others-v16.csv,v2peapsgen_ord,categorical
V-Dem-CY-Full+Others-v16.csv,v2peapsgen_ord_codelow,categorical
V-Dem-CY-Full+Others-v16.csv,v2peapsgen_ord_codehigh,categorical
V-Dem-CY-Full+Others-v16.csv,v2peapsgen_mean,quantitative
V-Dem-CY-Full+Others-v16.csv,v2peapsgen_nr,quantitative
V-Dem-CY-Full+Others-v16.csv,v2peasjgen,quantitative
V-Dem-CY-Full+Others-v16.csv,v2peasjgen_codelow,categorical
V-Dem-CY-Full+Others-v16.csv,v2peasjgen_codehigh,categorical
V-Dem-CY-Full+Others-v16.csv,v2peasjgen_sd,quantitative
V-Dem-CY-Full+Others-v16.csv,v2peasjgen_osp,quantitative
V-Dem-CY-Full+Others-v16.csv,v2peasjgen_osp_codelow,categorical
V-Dem-CY-Full+Others-v16.csv,v2peasjgen_osp_codehigh,categorical
V-Dem-CY-Full+Others-v16.csv,v2peasjgen_osp_sd,quantitative
V-Dem-CY-Full+Others-v16.csv,v2peasjgen_ord,categorical
V-Dem-CY-Full+Others-v16.csv,v2peasjgen_ord_codelow,categorical
V-Dem-CY-Full+Others-v16.csv,v2peasjgen_ord_codehigh,categorical
V-Dem-CY-Full+Others-v16.csv,v2peasjgen_mean,quantitative
V-Dem-CY-Full+Others-v16.csv,v2peasjgen_nr,quantitative
V-Dem-CY-Full+Others-v16.csv,v2peasbgen,quantitative
V-Dem-CY-Full+Others-v16.csv,v2peasbgen_codelow,categorical
V-Dem-CY-Full+Others-v16.csv,v2peasbgen_codehigh,categorical
V-Dem-CY-Full+Others-v16.csv,v2peasbgen_sd,quantitative
V-Dem-CY-Full+Others-v16.csv,v2peasbgen_osp,quantitative
V-Dem-CY-Full+Others-v16.csv,v2peasbgen_osp_codelow,categorical
V-Dem-CY-Full+Others-v16.csv,v2peasbgen_osp_codehigh,categorical
V-Dem-CY-Full+Others-v16.csv,v2peasbgen_osp_sd,quantitative
V-Dem-CY-Full+Others-v16.csv,v2peasbgen_ord,categorical
V-Dem-CY-Full+Others-v16.csv,v2peasbgen_ord_codelow,categorical
V-Dem-CY-Full+Others-v16.csv,v2peasbgen_ord_codehigh,categorical
V-Dem-CY-Full+Others-v16.csv,v2peasbgen_mean,quantitative
V-Dem-CY-Full+Others-v16.csv,v2peasbgen_nr,quantitative
V-Dem-CY-Full+Others-v16.csv,v2pepwrgeo,quantitative
V-Dem-CY-Full+Others-v16.csv,v2pepwrgeo_codelow,categorical
V-Dem-CY-Full+Others-v16.csv,v2pepwrgeo_codehigh,categorical
V-Dem-CY-Full+Others-v16.csv,v2pepwrgeo_sd,quantitative
V-Dem-CY-Full+Others-v16.csv,v2pepwrgeo_osp,quantitative
V-Dem-CY-Full+Others-v16.csv,v2pepwrgeo_osp_codelow,categorical
V-Dem-CY-Full+Others-v16.csv,v2pepwrgeo_osp_codehigh,categorical
V-Dem-CY-Full+Others-v16.csv,v2pepwrgeo_osp_sd,quantitative
V-Dem-CY-Full+Others-v16.csv,v2pepwrgeo_ord,categorical
V-Dem-CY-Full+Others-v16.csv,v2pepwrgeo_ord_codelow,categorical
V-Dem-CY-Full+Others-v16.csv,v2pepwrgeo_ord_codehigh,categorical
V-Dem-CY-Full+Others-v16.csv,v2pepwrgeo_mean,quantitative
V-Dem-CY-Full+Others-v16.csv,v2pepwrgeo_nr,quantitative
V-Dem-CY-Full+Others-v16.csv,v2clgeocl,quantitative
V-Dem-CY-Full+Others-v16.csv,v2clgeocl_codelow,categorical
V-Dem-CY-Full+Others-v16.csv,v2clgeocl_codehigh,categorical
V-Dem-CY-Full+Others-v16.csv,v2clgeocl_sd,quantitative
V-Dem-CY-Full+Others-v16.csv,v2clgeocl_osp,quantitative
V-Dem-CY-Full+Others-v16.csv,v2clgeocl_osp_codelow,categorical
V-Dem-CY-Full+Others-v16.csv,v2clgeocl_osp_codehigh,categorical
V-Dem-CY-Full+Others-v16.csv,v2clgeocl_osp_sd,quantitative
V-Dem-CY-Full+Others-v16.csv,v2clgeocl_ord,categorical
V-Dem-CY-Full+Others-v16.csv,v2clgeocl_ord_codelow,categorical
V-Dem-CY-Full+Others-v16.csv,v2clgeocl_ord_codehigh,categorical
V-Dem-CY-Full+Others-v16.csv,v2clgeocl_mean,quantitative
V-Dem-CY-Full+Others-v16.csv,v2clgeocl_nr,quantitative
V-Dem-CY-Full+Others-v16.csv,v2peapsgeo,quantitative
V-Dem-CY-Full+Others-v16.csv,v2peapsgeo_codelow,categorical
V-Dem-CY-Full+Others-v16.csv,v2peapsgeo_codehigh,categorical
V-Dem-CY-Full+Others-v16.csv,v2peapsgeo_sd,quantitative
V-Dem-CY-Full+Others-v16.csv,v2peapsgeo_osp,quantitative
V-Dem-CY-Full+Others-v16.csv,v2peapsgeo_osp_codelow,categorical
V-Dem-CY-Full+Others-v16.csv,v2peapsgeo_osp_codehigh,categorical
V-Dem-CY-Full+Others-v16.csv,v2peapsgeo_osp_sd,quantitative
V-Dem-CY-Full+Others-v16.csv,v2peapsgeo_ord,categorical
V-Dem-CY-Full+Others-v16.csv,v2peapsgeo_ord_codelow,categorical
V-Dem-CY-Full+Others-v16.csv,v2peapsgeo_ord_codehigh,categorical
V-Dem-CY-Full+Others-v16.csv,v2peapsgeo_mean,quantitative
V-Dem-CY-Full+Others-v16.csv,v2peapsgeo_nr,quantitative
V-Dem-CY-Full+Others-v16.csv,v2peasjgeo,quantitative
V-Dem-CY-Full+Others-v16.csv,v2peasjgeo_codelow,categorical
V-Dem-CY-Full+Others-v16.csv,v2peasjgeo_codehigh,categorical
V-Dem-CY-Full+Others-v16.csv,v2peasjgeo_sd,quantitative
V-Dem-CY-Full+Others-v16.csv,v2peasjgeo_osp,quantitative
V-Dem-CY-Full+Others-v16.csv,v2peasjgeo_osp_codelow,categorical
V-Dem-CY-Full+Others-v16.csv,v2peasjgeo_osp_codehigh,categorical
V-Dem-CY-Full+Others-v16.csv,v2peasjgeo_osp_sd,quantitative
V-Dem-CY-Full+Others-v16.csv,v2peasjgeo_ord,categorical
V-Dem-CY-Full+Others-v16.csv,v2peasjgeo_ord_codelow,categorical
V-Dem-CY-Full+Others-v16.csv,v2peasjgeo_ord_codehigh,categorical
V-Dem-CY-Full+Others-v16.csv,v2peasjgeo_mean,quantitative
V-Dem-CY-Full+Others-v16.csv,v2peasjgeo_nr,quantitative
V-Dem-CY-Full+Others-v16.csv,v2peasbegeo,quantitative
V-Dem-CY-Full+Others-v16.csv,v2peasbegeo_codelow,categorical
V-Dem-CY-Full+Others-v16.csv,v2peasbegeo_codehigh,categorical
V-Dem-CY-Full+Others-v16.csv,v2peasbegeo_sd,quantitative
V-Dem-CY-Full+Others-v16.csv,v2peasbegeo_osp,quantitative
V-Dem-CY-Full+Others-v16.csv,v2peasbegeo_osp_codelow,categorical
V-Dem-CY-Full+Others-v16.csv,v2peasbegeo_osp_codehigh,categorical
V-Dem-CY-Full+Others-v16.csv,v2peasbegeo_osp_sd,quantitative
V-Dem-CY-Full+Others-v16.csv,v2peasbegeo_ord,categorical
V-Dem-CY-Full+Others-v16.csv,v2peasbegeo_ord_codelow,categorical
V-Dem-CY-Full+Others-v16.csv,v2peasbegeo_ord_codehigh,categorical
V-Dem-CY-Full+Others-v16.csv,v2peasbegeo_mean,quantitative
V-Dem-CY-Full+Others-v16.csv,v2peasbegeo_nr,quantitative
V-Dem-CY-Full+Others-v16.csv,v2clpolcl,quantitative
V-Dem-CY-Full+Others-v16.csv,v2clpolcl_codelow,categorical
V-Dem-CY-Full+Others-v16.csv,v2clpolcl_codehigh,categorical
V-Dem-CY-Full+Others-v16.csv,v2clpolcl_sd,quantitative
V-Dem-CY-Full+Others-v16.csv,v2clpolcl_osp,quantitative
V-Dem-CY-Full+Others-v16.csv,v2clpolcl_osp_codelow,categorical
V-Dem-CY-Full+Others-v16.csv,v2clpolcl_osp_codehigh,categorical
V-Dem-CY-Full+Others-v16.csv,v2clpolcl_osp_sd,quantitative
V-Dem-CY-Full+Others-v16.csv,v2clpolcl_ord,categorical
V-Dem-CY-Full+Others-v16.csv,v2clpolcl_ord_codelow,categorical
V-Dem-CY-Full+Others-v16.csv,v2clpolcl_ord_codehigh,categorical
V-Dem-CY-Full+Others-v16.csv,v2clpolcl_mean,quantitative
V-Dem-CY-Full+Others-v16.csv,v2clpolcl_nr,quantitative
V-Dem-CY-Full+Others-v16.csv,v2peapspol,quantitative
V-Dem-CY-Full+Others-v16.csv,v2peapspol_codelow,categorical
V-Dem-CY-Full+Others-v16.csv,v2peapspol_codehigh,categorical
V-Dem-CY-Full+Others-v16.csv,v2peapspol_sd,quantitative
V-Dem-CY-Full+Others-v16.csv,v2peapspol_osp,quantitative
V-Dem-CY-Full+Others-v16.csv,v2peapspol_osp_codelow,categorical
V-Dem-CY-Full+Others-v16.csv,v2peapspol_osp_codehigh,categorical
V-Dem-CY-Full+Others-v16.csv,v2peapspol_osp_sd,quantitative
V-Dem-CY-Full+Others-v16.csv,v2peapspol_ord,categorical
V-Dem-CY-Full+Others-v16.csv,v2peapspol_ord_codelow,categorical
V-Dem-CY-Full+Others-v16.csv,v2peapspol_ord_codehigh,categorical
V-Dem-CY-Full+Others-v16.csv,v2peapspol_mean,quantitative
V-Dem-CY-Full+Others-v16.csv,v2peapspol_nr,quantitative
V-Dem-CY-Full+Others-v16.csv,v2peasjpol,quantitative
V-Dem-CY-Full+Others-v16.csv,v2peasjpol_codelow,categorical
V-Dem-CY-Full+Others-v16.csv,v2peasjpol_codehigh,categorical
V-Dem-CY-Full+Others-v16.csv,v2peasjpol_sd,quantitative
V-Dem-CY-Full+Others-v16.csv,v2peasjpol_osp,quantitative
V-Dem-CY-Full+Others-v16.csv,v2peasjpol_osp_codelow,categorical
V-Dem-CY-Full+Others-v16.csv,v2peasjpol_osp_codehigh,categorical
V-Dem-CY-Full+Others-v16.csv,v2peasjpol_osp_sd,quantitative
V-Dem-CY-Full+Others-v16.csv,v2peasjpol_ord,categorical
V-Dem-CY-Full+Others-v16.csv,v2peasjpol_ord_codelow,categorical
V-Dem-CY-Full+Others-v16.csv,v2peasjpol_ord_codehigh,categorical
V-Dem-CY-Full+Others-v16.csv,v2peasjpol_mean,quantitative
V-Dem-CY-Full+Others-v16.csv,v2peasjpol_nr,quantitative
V-Dem-CY-Full+Others-v16.csv,v2peasbepol,quantitative
V-Dem-CY-Full+Others-v16.csv,v2peasbepol_codelow,categorical
V-Dem-CY-Full+Others-v16.csv,v2peasbepol_codehigh,categorical
V-Dem-CY-Full+Others-v16.csv,v2peasbepol_sd,quantitative
V-Dem-CY-Full+Others-v16.csv,v2peasbepol_osp,quantitative
V-Dem-CY-Full+Others-v16.csv,v2peasbepol_osp_codelow,categorical
V-Dem-CY-Full+Others-v16.csv,v2peasbepol_osp_codehigh,categorical
V-Dem-CY-Full+Others-v16.csv,v2peasbepol_osp_sd,quantitative
V-Dem-CY-Full+Others-v16.csv,v2peasbepol_ord,categorical
V-Dem-CY-Full+Others-v16.csv,v2peasbepol_ord_codelow,categorical
V-Dem-CY-Full+Others-v16.csv,v2peasbepol_ord_codehigh,categorical
V-Dem-CY-Full+Others-v16.csv,v2peasbepol_mean,quantitative
V-Dem-CY-Full+Others-v16.csv,v2peasbepol_nr,quantitative
V-Dem-CY-Full+Others-v16.csv,v2peapssoc,quantitative
V-Dem-CY-Full+Others-v16.csv,v2peapssoc_codelow,categorical
V-Dem-CY-Full+Others-v16.csv,v2peapssoc_codehigh,categorical
V-Dem-CY-Full+Others-v16.csv,v2peapssoc_sd,quantitative
V-Dem-CY-Full+Others-v16.csv,v2peapssoc_osp,quantitative
V-Dem-CY-Full+Others-v16.csv,v2peapssoc_osp_codelow,categorical
V-Dem-CY-Full+Others-v16.csv,v2peapssoc_osp_codehigh,categorical
V-Dem-CY-Full+Others-v16.csv,v2peapssoc_osp_sd,quantitative
V-Dem-CY-Full+Others-v16.csv,v2peapssoc_ord,categorical
V-Dem-CY-Full+Others-v16.csv,v2peapssoc_ord_codelow,categorical
V-Dem-CY-Full+Others-v16.csv,v2peapssoc_ord_codehigh,categorical
V-Dem-CY-Full+Others-v16.csv,v2peapssoc_mean,quantitative
V-Dem-CY-Full+Others-v16.csv,v2peapssoc_nr,quantitative
V-Dem-CY-Full+Others-v16.csv,v2peasjsoc,quantitative
V-Dem-CY-Full+Others-v16.csv,v2peasjsoc_codelow,categorical
V-Dem-CY-Full+Others-v16.csv,v2peasjsoc_codehigh,categorical
V-Dem-CY-Full+Others-v16.csv,v2peasjsoc_sd,quantitative
V-Dem-CY-Full+Others-v16.csv,v2peasjsoc_osp,quantitative
V-Dem-CY-Full+Others-v16.csv,v2peasjsoc_osp_codelow,categorical
V-Dem-CY-Full+Others-v16.csv,v2peasjsoc_osp_codehigh,categorical
V-Dem-CY-Full+Others-v16.csv,v2peasjsoc_osp_sd,quantitative
V-Dem-CY-Full+Others-v16.csv,v2peasjsoc_ord,categorical
V-Dem-CY-Full+Others-v16.csv,v2peasjsoc_ord_codelow,categorical
V-Dem-CY-Full+Others-v16.csv,v2peasjsoc_ord_codehigh,categorical
V-Dem-CY-Full+Others-v16.csv,v2peasjsoc_mean,quantitative
V-Dem-CY-Full+Others-v16.csv,v2peasjsoc_nr,quantitative
V-Dem-CY-Full+Others-v16.csv,v2peasbsoc,quantitative
V-Dem-CY-Full+Others-v16.csv,v2peasbsoc_codelow,categorical
V-Dem-CY-Full+Others-v16.csv,v2peasbsoc_codehigh,categorical
V-Dem-CY-Full+Others-v16.csv,v2peasbsoc_sd,quantitative
V-Dem-CY-Full+Others-v16.csv,v2peasbsoc_osp,quantitative
V-Dem-CY-Full+Others-v16.csv,v2peasbsoc_osp_codelow,categorical
V-Dem-CY-Full+Others-v16.csv,v2peasbsoc_osp_codehigh,categorical
V-Dem-CY-Full+Others-v16.csv,v2peasbsoc_osp_sd,quantitative
V-Dem-CY-Full+Others-v16.csv,v2peasbsoc_ord,categorical
V-Dem-CY-Full+Others-v16.csv,v2peasbsoc_ord_codelow,categorical
V-Dem-CY-Full+Others-v16.csv,v2peasbsoc_ord_codehigh,categorical
V-Dem-CY-Full+Others-v16.csv,v2peasbsoc_mean,quantitative
V-Dem-CY-Full+Others-v16.csv,v2peasbsoc_nr,quantitative
V-Dem-CY-Full+Others-v16.csv,v2exl_legitideol,categorical
V-Dem-CY-Full+Others-v16.csv,v2exl_legitideol_codelow,categorical
V-Dem-CY-Full+Others-v16.csv,v2exl_legitideol_codehigh,categorical
V-Dem-CY-Full+Others-v16.csv,v2exl_legitideol_sd,categorical
V-Dem-CY-Full+Others-v16.csv,v2exl_legitideol_osp,categorical
V-Dem-CY-Full+Others-v16.csv,v2exl_legitideol_osp_codelow,categorical
V-Dem-CY-Full+Others-v16.csv,v2exl_legitideol_osp_codehigh,categorical
V-Dem-CY-Full+Others-v16.csv,v2exl_legitideol_osp_sd,categorical
V-Dem-CY-Full+Others-v16.csv,v2exl_legitideol_ord,categorical
V-Dem-CY-Full+Others-v16.csv,v2exl_legitideol_ord_codelow,categorical
V-Dem-CY-Full+Others-v16.csv,v2exl_legitideol_ord_codehigh,categorical
V-Dem-CY-Full+Others-v16.csv,v2exl_legitideol_mean,categorical
V-Dem-CY-Full+Others-v16.csv,v2exl_legitideol_nr,categorical
V-Dem-CY-Full+Others-v16.csv,v2exl_legitlead,quantitative
V-Dem-CY-Full+Others-v16.csv,v2exl_legitlead_codelow,categorical
V-Dem-CY-Full+Others-v16.csv,v2exl_legitlead_codehigh,categorical
V-Dem-CY-Full+Others-v16.csv,v2exl_legitlead_sd,quantitative
V-Dem-CY-Full+Others-v16.csv,v2exl_legitlead_osp,quantitative
V-Dem-CY-Full+Others-v16.csv,v2exl_legitlead_osp_codelow,categorical
V-Dem-CY-Full+Others-v16.csv,v2exl_legitlead_osp_codehigh,categorical
V-Dem-CY-Full+Others-v16.csv,v2exl_legitlead_osp_sd,quantitative
V-Dem-CY-Full+Others-v16.csv,v2exl_legitlead_ord,categorical
V-Dem-CY-Full+Others-v16.csv,v2exl_legitlead_ord_codelow,categorical
V-Dem-CY-Full+Others-v16.csv,v2exl_legitlead_ord_codehigh,categorical
V-Dem-CY-Full+Others-v16.csv,v2exl_legitlead_mean,quantitative
V-Dem-CY-Full+Others-v16.csv,v2exl_legitlead_nr,quantitative
V-Dem-CY-Full+Others-v16.csv,v2exl_legitperf,quantitative
V-Dem-CY-Full+Others-v16.csv,v2exl_legitperf_codelow,categorical
V-Dem-CY-Full+Others-v16.csv,v2exl_legitperf_codehigh,categorical
V-Dem-CY-Full+Others-v16.csv,v2exl_legitperf_sd,quantitative
V-Dem-CY-Full+Others-v16.csv,v2exl_legitperf_osp,quantitative
V-Dem-CY-Full+Others-v16.csv,v2exl_legitperf_osp_codelow,categorical
V-Dem-CY-Full+Others-v16.csv,v2exl_legitperf_osp_codehigh,categorical
V-Dem-CY-Full+Others-v16.csv,v2exl_legitperf_osp_sd,quantitative
V-Dem-CY-Full+Others-v16.csv,v2exl_legitperf_ord,categorical
V-Dem-CY-Full+Others-v16.csv,v2exl_legitperf_ord_codelow,categorical
V-Dem-CY-Full+Others-v16.csv,v2exl_legitperf_ord_codehigh,categorical
V-Dem-CY-Full+Others-v16.csv,v2exl_legitperf_mean,quantitative
V-Dem-CY-Full+Others-v16.csv,v2exl_legitperf_nr,quantitative
V-Dem-CY-Full+Others-v16.csv,v2exl_legitratio,quantitative
V-Dem-CY-Full+Others-v16.csv,v2exl_legitratio_codelow,categorical
V-Dem-CY-Full+Others-v16.csv,v2exl_legitratio_codehigh,categorical
V-Dem-CY-Full+Others-v16.csv,v2exl_legitratio_sd,quantitative
V-Dem-CY-Full+Others-v16.csv,v2exl_legitratio_osp,quantitative
V-Dem-CY-Full+Others-v16.csv,v2exl_legitratio_osp_codelow,categorical
V-Dem-CY-Full+Others-v16.csv,v2exl_legitratio_osp_codehigh,categorical
V-Dem-CY-Full+Others-v16.csv,v2exl_legitratio_osp_sd,quantitative
V-Dem-CY-Full+Others-v16.csv,v2exl_legitratio_ord,categorical
V-Dem-CY-Full+Others-v16.csv,v2exl_legitratio_ord_codelow,categorical
V-Dem-CY-Full+Others-v16.csv,v2exl_legitratio_ord_codehigh,categorical
V-Dem-CY-Full+Others-v16.csv,v2exl_legitratio_mean,quantitative
V-Dem-CY-Full+Others-v16.csv,v2exl_legitratio_nr,quantitative
V-Dem-CY-Full+Others-v16.csv,v2exl_legitideolcr_0,categorical
V-Dem-CY-Full+Others-v16.csv,v2exl_legitideolcr_1,categorical
V-Dem-CY-Full+Others-v16.csv,v2exl_legitideolcr_2,categorical
V-Dem-CY-Full+Others-v16.csv,v2exl_legitideolcr_3,categorical
V-Dem-CY-Full+Others-v16.csv,v2exl_legitideolcr_4,categorical
V-Dem-CY-Full+Others-v16.csv,v2exl_legitideolcr_nr,categorical
V-Dem-CY-Full+Others-v16.csv,v2cacamps,quantitative
V-Dem-CY-Full+Others-v16.csv,v2cacamps_codelow,categorical
V-Dem-CY-Full+Others-v16.csv,v2cacamps_codehigh,categorical
V-Dem-CY-Full+Others-v16.csv,v2cacamps_sd,quantitative
V-Dem-CY-Full+Others-v16.csv,v2cacamps_osp,quantitative
V-Dem-CY-Full+Others-v16.csv,v2cacamps_osp_codelow,categorical
V-Dem-CY-Full+Others-v16.csv,v2cacamps_osp_codehigh,categorical
V-Dem-CY-Full+Others-v16.csv,v2cacamps_osp_sd,quantitative
V-Dem-CY-Full+Others-v16.csv,v2cacamps_ord,categorical
V-Dem-CY-Full+Others-v16.csv,v2cacamps_ord_codelow,categorical
V-Dem-CY-Full+Others-v16.csv,v2cacamps_ord_codehigh,categorical
V-Dem-CY-Full+Others-v16.csv,v2cacamps_mean,quantitative
V-Dem-CY-Full+Others-v16.csv,v2cacamps_nr,quantitative
V-Dem-CY-Full+Others-v16.csv,v2caviol,quantitative
V-Dem-CY-Full+Others-v16.csv,v2caviol_codelow,categorical
V-Dem-CY-Full+Others-v16.csv,v2caviol_codehigh,categorical
V-Dem-CY-Full+Others-v16.csv,v2caviol_sd,quantitative
V-Dem-CY-Full+Others-v16.csv,v2caviol_osp,quantitative
V-Dem-CY-Full+Others-v16.csv,v2caviol_osp_codelow,categorical
V-Dem-CY-Full+Others-v16.csv,v2caviol_osp_codehigh,categorical
V-Dem-CY-Full+Others-v16.csv,v2caviol_osp_sd,quantitative
V-Dem-CY-Full+Others-v16.csv,v2caviol_ord,categorical
V-Dem-CY-Full+Others-v16.csv,v2caviol_ord_codelow,categorical
V-Dem-CY-Full+Others-v16.csv,v2caviol_ord_codehigh,categorical
V-Dem-CY-Full+Others-v16.csv,v2caviol_mean,quantitative
V-Dem-CY-Full+Others-v16.csv,v2caviol_nr,quantitative
V-Dem-CY-Full+Others-v16.csv,v2caassemb,quantitative
V-Dem-CY-Full+Others-v16.csv,v2caassemb_codelow,categorical
V-Dem-CY-Full+Others-v16.csv,v2caassemb_codehigh,categorical
V-Dem-CY-Full+Others-v16.csv,v2caassemb_sd,quantitative
V-Dem-CY-Full+Others-v16.csv,v2caassemb_osp,quantitative
V-Dem-CY-Full+Others-v16.csv,v2caassemb_osp_codelow,categorical
V-Dem-CY-Full+Others-v16.csv,v2caassemb_osp_codehigh,categorical
V-Dem-CY-Full+Others-v16.csv,v2caassemb_osp_sd,quantitative
V-Dem-CY-Full+Others-v16.csv,v2caassemb_ord,categorical
V-Dem-CY-Full+Others-v16.csv,v2caassemb_ord_codelow,categorical
V-Dem-CY-Full+Others-v16.csv,v2caassemb_ord_codehigh,categorical
V-Dem-CY-Full+Others-v16.csv,v2caassemb_mean,quantitative
V-Dem-CY-Full+Others-v16.csv,v2caassemb_nr,quantitative
V-Dem-CY-Full+Others-v16.csv,v2casoe_0,quantitative
V-Dem-CY-Full+Others-v16.csv,v2casoe_1,quantitative
V-Dem-CY-Full+Others-v16.csv,v2casoe_2,quantitative
V-Dem-CY-Full+Others-v16.csv,v2casoe_3,quantitative
V-Dem-CY-Full+Others-v16.csv,v2casoe_4,quantitative
V-Dem-CY-Full+Others-v16.csv,v2casoe_5,quantitative
V-Dem-CY-Full+Others-v16.csv,v2casoe_6,quantitative
V-Dem-CY-Full+Others-v16.csv,v2casoe_nr,quantitative
V-Dem-CY-Full+Others-v16.csv,v2cagenmob,quantitative
V-Dem-CY-Full+Others-v16.csv,v2cagenmob_codelow,categorical
V-Dem-CY-Full+Others-v16.csv,v2cagenmob_codehigh,categorical
V-Dem-CY-Full+Others-v16.csv,v2cagenmob_sd,quantitative
V-Dem-CY-Full+Others-v16.csv,v2cagenmob_osp,quantitative
V-Dem-CY-Full+Others-v16.csv,v2cagenmob_osp_codelow,categorical
V-Dem-CY-Full+Others-v16.csv,v2cagenmob_osp_codehigh,categorical
V-Dem-CY-Full+Others-v16.csv,v2cagenmob_osp_sd,quantitative
V-Dem-CY-Full+Others-v16.csv,v2cagenmob_ord,categorical
V-Dem-CY-Full+Others-v16.csv,v2cagenmob_ord_codelow,categorical
V-Dem-CY-Full+Others-v16.csv,v2cagenmob_ord_codehigh,categorical
V-Dem-CY-Full+Others-v16.csv,v2cagenmob_mean,quantitative
V-Dem-CY-Full+Others-v16.csv,v2cagenmob_nr,quantitative
V-Dem-CY-Full+Others-v16.csv,v2caconmob,quantitative
V-Dem-CY-Full+Others-v16.csv,v2caconmob_codelow,categorical
V-Dem-CY-Full+Others-v16.csv,v2caconmob_codehigh,categorical
V-Dem-CY-Full+Others-v16.csv,v2caconmob_sd,quantitative
V-Dem-CY-Full+Others-v16.csv,v2caconmob_osp,quantitative
V-Dem-CY-Full+Others-v16.csv,v2caconmob_osp_codelow,categorical
V-Dem-CY-Full+Others-v16.csv,v2caconmob_osp_codehigh,categorical
V-Dem-CY-Full+Others-v16.csv,v2caconmob_osp_sd,quantitative
V-Dem-CY-Full+Others-v16.csv,v2caconmob_ord,categorical
V-Dem-CY-Full+Others-v16.csv,v2caconmob_ord_codelow,categorical
V-Dem-CY-Full+Others-v16.csv,v2caconmob_ord_codehigh,categorical
V-Dem-CY-Full+Others-v16.csv,v2caconmob_mean,quantitative
V-Dem-CY-Full+Others-v16.csv,v2caconmob_nr,quantitative
V-Dem-CY-Full+Others-v16.csv,v2cademmob,quantitative
V-Dem-CY-Full+Others-v16.csv,v2cademmob_codelow,categorical
V-Dem-CY-Full+Others-v16.csv,v2cademmob_codehigh,categorical
V-Dem-CY-Full+Others-v16.csv,v2cademmob_sd,quantitative
V-Dem-CY-Full+Others-v16.csv,v2cademmob_osp,quantitative
V-Dem-CY-Full+Others-v16.csv,v2cademmob_osp_codelow,categorical
V-Dem-CY-Full+Others-v16.csv,v2cademmob_osp_codehigh,categorical
V-Dem-CY-Full+Others-v16.csv,v2cademmob_osp_sd,quantitative
V-Dem-CY-Full+Others-v16.csv,v2cademmob_ord,categorical
V-Dem-CY-Full+Others-v16.csv,v2cademmob_ord_codelow,categorical
V-Dem-CY-Full+Others-v16.csv,v2cademmob_ord_codehigh,categorical
V-Dem-CY-Full+Others-v16.csv,v2cademmob_mean,quantitative
V-Dem-CY-Full+Others-v16.csv,v2cademmob_nr,quantitative
V-Dem-CY-Full+Others-v16.csv,v2caautmob,quantitative
V-Dem-CY-Full+Others-v16.csv,v2caautmob_codelow,categorical
V-Dem-CY-Full+Others-v16.csv,v2caautmob_codehigh,categorical
V-Dem-CY-Full+Others-v16.csv,v2caautmob_sd,quantitative
V-Dem-CY-Full+Others-v16.csv,v2caautmob_osp,quantitative
V-Dem-CY-Full+Others-v16.csv,v2caautmob_osp_codelow,categorical
V-Dem-CY-Full+Others-v16.csv,v2caautmob_osp_codehigh,categorical
V-Dem-CY-Full+Others-v16.csv,v2caautmob_osp_sd,quantitative
V-Dem-CY-Full+Others-v16.csv,v2caautmob_ord,categorical
V-Dem-CY-Full+Others-v16.csv,v2caautmob_ord_codelow,categorical
V-Dem-CY-Full+Others-v16.csv,v2caautmob_ord_codehigh,categorical
V-Dem-CY-Full+Others-v16.csv,v2caautmob_mean,quantitative
V-Dem-CY-Full+Others-v16.csv,v2caautmob_nr,quantitative
V-Dem-CY-Full+Others-v16.csv,v2castate,geographic
V-Dem-CY-Full+Others-v16.csv,v2castate_codelow,geographic
V-Dem-CY-Full+Others-v16.csv,v2castate_codehigh,geographic
V-Dem-CY-Full+Others-v16.csv,v2castate_sd,geographic
V-Dem-CY-Full+Others-v16.csv,v2castate_osp,geographic
V-Dem-CY-Full+Others-v16.csv,v2castate_osp_codelow,geographic
V-Dem-CY-Full+Others-v16.csv,v2castate_osp_codehigh,geographic
V-Dem-CY-Full+Others-v16.csv,v2castate_osp_sd,geographic
V-Dem-CY-Full+Others-v16.csv,v2castate_ord,geographic
V-Dem-CY-Full+Others-v16.csv,v2castate_ord_codelow,geographic
V-Dem-CY-Full+Others-v16.csv,v2castate_ord_codehigh,geographic
V-Dem-CY-Full+Others-v16.csv,v2castate_mean,geographic
V-Dem-CY-Full+Others-v16.csv,v2castate_nr,geographic
V-Dem-CY-Full+Others-v16.csv,v2catrauni,quantitative
V-Dem-CY-Full+Others-v16.csv,v2catrauni_codelow,categorical
V-Dem-CY-Full+Others-v16.csv,v2catrauni_codehigh,categorical
V-Dem-CY-Full+Others-v16.csv,v2catrauni_sd,quantitative
V-Dem-CY-Full+Others-v16.csv,v2catrauni_osp,quantitative
V-Dem-CY-Full+Others-v16.csv,v2catrauni_osp_codelow,categorical
V-Dem-CY-Full+Others-v16.csv,v2catrauni_osp_codehigh,categorical
V-Dem-CY-Full+Others-v16.csv,v2catrauni_osp_sd,quantitative
V-Dem-CY-Full+Others-v16.csv,v2catrauni_ord,categorical
V-Dem-CY-Full+Others-v16.csv,v2catrauni_ord_codelow,categorical
V-Dem-CY-Full+Others-v16.csv,v2catrauni_ord_codehigh,categorical
V-Dem-CY-Full+Others-v16.csv,v2catrauni_mean,quantitative
V-Dem-CY-Full+Others-v16.csv,v2catrauni_nr,quantitative
V-Dem-CY-Full+Others-v16.csv,v2capolit,quantitative
V-Dem-CY-Full+Others-v16.csv,v2capolit_codelow,categorical
V-Dem-CY-Full+Others-v16.csv,v2capolit_codehigh,categorical
V-Dem-CY-Full+Others-v16.csv,v2capolit_sd,quantitative
V-Dem-CY-Full+Others-v16.csv,v2capolit_osp,quantitative
V-Dem-CY-Full+Others-v16.csv,v2capolit_osp_codelow,categorical
V-Dem-CY-Full+Others-v16.csv,v2capolit_osp_codehigh,categorical
V-Dem-CY-Full+Others-v16.csv,v2capolit_osp_sd,quantitative
V-Dem-CY-Full+Others-v16.csv,v2capolit_ord,categorical
V-Dem-CY-Full+Others-v16.csv,v2capolit_ord_codelow,categorical
V-Dem-CY-Full+Others-v16.csv,v2capolit_ord_codehigh,categorical
V-Dem-CY-Full+Others-v16.csv,v2capolit_mean,quantitative
V-Dem-CY-Full+Others-v16.csv,v2capolit_nr,quantitative
V-Dem-CY-Full+Others-v16.csv,v2canonpol,quantitative
V-Dem-CY-Full+Others-v16.csv,v2canonpol_codelow,categorical
V-Dem-CY-Full+Others-v16.csv,v2canonpol_codehigh,categorical
V-Dem-CY-Full+Others-v16.csv,v2canonpol_sd,quantitative
V-Dem-CY-Full+Others-v16.csv,v2canonpol_osp,quantitative
V-Dem-CY-Full+Others-v16.csv,v2canonpol_osp_codelow,categorical
V-Dem-CY-Full+Others-v16.csv,v2canonpol_osp_codehigh,categorical
V-Dem-CY-Full+Others-v16.csv,v2canonpol_osp_sd,quantitative
V-Dem-CY-Full+Others-v16.csv,v2canonpol_ord,categorical
V-Dem-CY-Full+Others-v16.csv,v2canonpol_ord_codelow,categorical
V-Dem-CY-Full+Others-v16.csv,v2canonpol_ord_codehigh,categorical
V-Dem-CY-Full+Others-v16.csv,v2canonpol_mean,quantitative
V-Dem-CY-Full+Others-v16.csv,v2canonpol_nr,quantitative
V-Dem-CY-Full+Others-v16.csv,v2cauni,categorical
V-Dem-CY-Full+Others-v16.csv,v2canuni,quantitative
V-Dem-CY-Full+Others-v16.csv,v2caprotac,categorical
V-Dem-CY-Full+Others-v16.csv,v2cafres,quantitative
V-Dem-CY-Full+Others-v16.csv,v2cafres_codelow,categorical
V-Dem-CY-Full+Others-v16.csv,v2cafres_codehigh,categorical
V-Dem-CY-Full+Others-v16.csv,v2cafres_sd,quantitative
V-Dem-CY-Full+Others-v16.csv,v2cafres_osp,quantitative
V-Dem-CY-Full+Others-v16.csv,v2cafres_osp_codelow,categorical
V-Dem-CY-Full+Others-v16.csv,v2cafres_osp_codehigh,categorical
V-Dem-CY-Full+Others-v16.csv,v2cafres_osp_sd,quantitative
V-Dem-CY-Full+Others-v16.csv,v2cafres_ord,categorical
V-Dem-CY-Full+Others-v16.csv,v2cafres_ord_codelow,categorical
V-Dem-CY-Full+Others-v16.csv,v2cafres_ord_codehigh,categorical
V-Dem-CY-Full+Others-v16.csv,v2cafres_mean,quantitative
V-Dem-CY-Full+Others-v16.csv,v2cafres_nr,quantitative
V-Dem-CY-Full+Others-v16.csv,v2cafexch,quantitative
V-Dem-CY-Full+Others-v16.csv,v2cafexch_codelow,categorical
V-Dem-CY-Full+Others-v16.csv,v2cafexch_codehigh,categorical
V-Dem-CY-Full+Others-v16.csv,v2cafexch_sd,quantitative
V-Dem-CY-Full+Others-v16.csv,v2cafexch_osp,quantitative
V-Dem-CY-Full+Others-v16.csv,v2cafexch_osp_codelow,categorical
V-Dem-CY-Full+Others-v16.csv,v2cafexch_osp_codehigh,categorical
V-Dem-CY-Full+Others-v16.csv,v2cafexch_osp_sd,quantitative
V-Dem-CY-Full+Others-v16.csv,v2cafexch_ord,categorical
V-Dem-CY-Full+Others-v16.csv,v2cafexch_ord_codelow,categorical
V-Dem-CY-Full+Others-v16.csv,v2cafexch_ord_codehigh,categorical
V-Dem-CY-Full+Others-v16.csv,v2cafexch_mean,quantitative
V-Dem-CY-Full+Others-v16.csv,v2cafexch_nr,quantitative
V-Dem-CY-Full+Others-v16.csv,v2cainsaut,quantitative
V-Dem-CY-Full+Others-v16.csv,v2cainsaut_codelow,categorical
V-Dem-CY-Full+Others-v16.csv,v2cainsaut_codehigh,categorical
V-Dem-CY-Full+Others-v16.csv,v2cainsaut_sd,quantitative
V-Dem-CY-Full+Others-v16.csv,v2cainsaut_osp,quantitative
V-Dem-CY-Full+Others-v16.csv,v2cainsaut_osp_codelow,categorical
V-Dem-CY-Full+Others-v16.csv,v2cainsaut_osp_codehigh,categorical
V-Dem-CY-Full+Others-v16.csv,v2cainsaut_osp_sd,quantitative
V-Dem-CY-Full+Others-v16.csv,v2cainsaut_ord,categorical
V-Dem-CY-Full+Others-v16.csv,v2cainsaut_ord_codelow,categorical
V-Dem-CY-Full+Others-v16.csv,v2cainsaut_ord_codehigh,categorical
V-Dem-CY-Full+Others-v16.csv,v2cainsaut_mean,quantitative
V-Dem-CY-Full+Others-v16.csv,v2cainsaut_nr,quantitative
V-Dem-CY-Full+Others-v16.csv,v2casurv,quantitative
V-Dem-CY-Full+Others-v16.csv,v2casurv_codelow,categorical
V-Dem-CY-Full+Others-v16.csv,v2casurv_codehigh,categorical
V-Dem-CY-Full+Others-v16.csv,v2casurv_sd,quantitative
V-Dem-CY-Full+Others-v16.csv,v2casurv_osp,quantitative
V-Dem-CY-Full+Others-v16.csv,v2casurv_osp_codelow,categorical
V-Dem-CY-Full+Others-v16.csv,v2casurv_osp_codehigh,categorical
V-Dem-CY-Full+Others-v16.csv,v2casurv_osp_sd,quantitative
V-Dem-CY-Full+Others-v16.csv,v2casurv_ord,categorical
V-Dem-CY-Full+Others-v16.csv,v2casurv_ord_codelow,categorical
V-Dem-CY-Full+Others-v16.csv,v2casurv_ord_codehigh,categorical
V-Dem-CY-Full+Others-v16.csv,v2casurv_mean,quantitative
V-Dem-CY-Full+Others-v16.csv,v2casurv_nr,quantitative
V-Dem-CY-Full+Others-v16.csv,v2cacritic,quantitative
V-Dem-CY-Full+Others-v16.csv,v2cacritic_codelow,categorical
V-Dem-CY-Full+Others-v16.csv,v2cacritic_codehigh,categorical
V-Dem-CY-Full+Others-v16.csv,v2cacritic_sd,quantitative
V-Dem-CY-Full+Others-v16.csv,v2cacritic_osp,quantitative
V-Dem-CY-Full+Others-v16.csv,v2cacritic_osp_codelow,categorical
V-Dem-CY-Full+Others-v16.csv,v2cacritic_osp_codehigh,categorical
V-Dem-CY-Full+Others-v16.csv,v2cacritic_osp_sd,quantitative
V-Dem-CY-Full+Others-v16.csv,v2cacritic_ord,categorical
V-Dem-CY-Full+Others-v16.csv,v2cacritic_ord_codelow,categorical
V-Dem-CY-Full+Others-v16.csv,v2cacritic_ord_codehigh,categorical
V-Dem-CY-Full+Others-v16.csv,v2cacritic_mean,quantitative
V-Dem-CY-Full+Others-v16.csv,v2cacritic_nr,quantitative
V-Dem-CY-Full+Others-v16.csv,v2caacadfree,categorical
V-Dem-CY-Full+Others-v16.csv,v3elreapplc,quantitative
V-Dem-CY-Full+Others-v16.csv,v3elreapplc_codelow,categorical
V-Dem-CY-Full+Others-v16.csv,v3elreapplc_codehigh,categorical
V-Dem-CY-Full+Others-v16.csv,v3elreapplc_sd,quantitative
V-Dem-CY-Full+Others-v16.csv,v3elreapplc_osp,quantitative
V-Dem-CY-Full+Others-v16.csv,v3elreapplc_osp_codelow,categorical
V-Dem-CY-Full+Others-v16.csv,v3elreapplc_osp_codehigh,categorical
V-Dem-CY-Full+Others-v16.csv,v3elreapplc_osp_sd,quantitative
V-Dem-CY-Full+Others-v16.csv,v3elreapplc_ord,categorical
V-Dem-CY-Full+Others-v16.csv,v3elreapplc_ord_codelow,categorical
V-Dem-CY-Full+Others-v16.csv,v3elreapplc_ord_codehigh,categorical
V-Dem-CY-Full+Others-v16.csv,v3elreapplc_mean,quantitative
V-Dem-CY-Full+Others-v16.csv,v3elreapplc_nr,categorical
V-Dem-CY-Full+Others-v16.csv,v3elreappuc,quantitative
V-Dem-CY-Full+Others-v16.csv,v3elreappuc_codelow,categorical
V-Dem-CY-Full+Others-v16.csv,v3elreappuc_codehigh,categorical
V-Dem-CY-Full+Others-v16.csv,v3elreappuc_sd,quantitative
V-Dem-CY-Full+Others-v16.csv,v3elreappuc_osp,quantitative
V-Dem-CY-Full+Others-v16.csv,v3elreappuc_osp_codelow,categorical
V-Dem-CY-Full+Others-v16.csv,v3elreappuc_osp_codehigh,categorical
V-Dem-CY-Full+Others-v16.csv,v3elreappuc_osp_sd,quantitative
V-Dem-CY-Full+Others-v16.csv,v3elreappuc_ord,categorical
V-Dem-CY-Full+Others-v16.csv,v3elreappuc_ord_codelow,categorical
V-Dem-CY-Full+Others-v16.csv,v3elreappuc_ord_codehigh,categorical
V-Dem-CY-Full+Others-v16.csv,v3elreappuc_mean,categorical
V-Dem-CY-Full+Others-v16.csv,v3elreappuc_nr,categorical
V-Dem-CY-Full+Others-v16.csv,v3elmalalc,quantitative
V-Dem-CY-Full+Others-v16.csv,v3elmalalc_codelow,categorical
V-Dem-CY-Full+Others-v16.csv,v3elmalalc_codehigh,categorical
V-Dem-CY-Full+Others-v16.csv,v3elmalalc_sd,quantitative
V-Dem-CY-Full+Others-v16.csv,v3elmalalc_osp,quantitative
V-Dem-CY-Full+Others-v16.csv,v3elmalalc_osp_codelow,categorical
V-Dem-CY-Full+Others-v16.csv,v3elmalalc_osp_codehigh,categorical
V-Dem-CY-Full+Others-v16.csv,v3elmalalc_osp_sd,quantitative
V-Dem-CY-Full+Others-v16.csv,v3elmalalc_ord,categorical
V-Dem-CY-Full+Others-v16.csv,v3elmalalc_ord_codelow,categorical
V-Dem-CY-Full+Others-v16.csv,v3elmalalc_ord_codehigh,categorical
V-Dem-CY-Full+Others-v16.csv,v3elmalalc_mean,quantitative
V-Dem-CY-Full+Others-v16.csv,v3elmalalc_nr,categorical
V-Dem-CY-Full+Others-v16.csv,v3elmalauc,quantitative
V-Dem-CY-Full+Others-v16.csv,v3elmalauc_codelow,categorical
V-Dem-CY-Full+Others-v16.csv,v3elmalauc_codehigh,categorical
V-Dem-CY-Full+Others-v16.csv,v3elmalauc_sd,quantitative
V-Dem-CY-Full+Others-v16.csv,v3elmalauc_osp,quantitative
V-Dem-CY-Full+Others-v16.csv,v3elmalauc_osp_codelow,categorical
V-Dem-CY-Full+Others-v16.csv,v3elmalauc_osp_codehigh,categorical
V-Dem-CY-Full+Others-v16.csv,v3elmalauc_osp_sd,quantitative
V-Dem-CY-Full+Others-v16.csv,v3elmalauc_ord,categorical
V-Dem-CY-Full+Others-v16.csv,v3elmalauc_ord_codelow,categorical
V-Dem-CY-Full+Others-v16.csv,v3elmalauc_ord_codehigh,categorical
V-Dem-CY-Full+Others-v16.csv,v3elmalauc_mean,quantitative
V-Dem-CY-Full+Others-v16.csv,v3elmalauc_nr,categorical
V-Dem-CY-Full+Others-v16.csv,v3elbalpap,quantitative
V-Dem-CY-Full+Others-v16.csv,v3elbalpap_codelow,categorical
V-Dem-CY-Full+Others-v16.csv,v3elbalpap_codehigh,categorical
V-Dem-CY-Full+Others-v16.csv,v3elbalpap_sd,quantitative
V-Dem-CY-Full+Others-v16.csv,v3elbalpap_osp,quantitative
V-Dem-CY-Full+Others-v16.csv,v3elbalpap_osp_codelow,categorical
V-Dem-CY-Full+Others-v16.csv,v3elbalpap_osp_codehigh,categorical
V-Dem-CY-Full+Others-v16.csv,v3elbalpap_osp_sd,quantitative
V-Dem-CY-Full+Others-v16.csv,v3elbalpap_ord,categorical
V-Dem-CY-Full+Others-v16.csv,v3elbalpap_ord_codelow,categorical
V-Dem-CY-Full+Others-v16.csv,v3elbalpap_ord_codehigh,categorical
V-Dem-CY-Full+Others-v16.csv,v3elbalpap_mean,quantitative
V-Dem-CY-Full+Others-v16.csv,v3elbalpap_nr,categorical
V-Dem-CY-Full+Others-v16.csv,v3elbalstat,quantitative
V-Dem-CY-Full+Others-v16.csv,v3elbalstat_codelow,categorical
V-Dem-CY-Full+Others-v16.csv,v3elbalstat_codehigh,categorical
V-Dem-CY-Full+Others-v16.csv,v3elbalstat_sd,quantitative
V-Dem-CY-Full+Others-v16.csv,v3elbalstat_osp,quantitative
V-Dem-CY-Full+Others-v16.csv,v3elbalstat_osp_codelow,categorical
V-Dem-CY-Full+Others-v16.csv,v3elbalstat_osp_codehigh,categorical
V-Dem-CY-Full+Others-v16.csv,v3elbalstat_osp_sd,quantitative
V-Dem-CY-Full+Others-v16.csv,v3elbalstat_ord,categorical
V-Dem-CY-Full+Others-v16.csv,v3elbalstat_ord_codelow,categorical
V-Dem-CY-Full+Others-v16.csv,v3elbalstat_ord_codehigh,categorical
V-Dem-CY-Full+Others-v16.csv,v3elbalstat_mean,quantitative
V-Dem-CY-Full+Others-v16.csv,v3elbalstat_nr,categorical
V-Dem-CY-Full+Others-v16.csv,v3elecsedf,quantitative
V-Dem-CY-Full+Others-v16.csv,v3elecsedf_codelow,categorical
V-Dem-CY-Full+Others-v16.csv,v3elecsedf_codehigh,categorical
V-Dem-CY-Full+Others-v16.csv,v3elecsedf_sd,quantitative
V-Dem-CY-Full+Others-v16.csv,v3elecsedf_osp,quantitative
V-Dem-CY-Full+Others-v16.csv,v3elecsedf_osp_codelow,categorical
V-Dem-CY-Full+Others-v16.csv,v3elecsedf_osp_codehigh,categorical
V-Dem-CY-Full+Others-v16.csv,v3elecsedf_osp_sd,quantitative
V-Dem-CY-Full+Others-v16.csv,v3elecsedf_ord,categorical
V-Dem-CY-Full+Others-v16.csv,v3elecsedf_ord_codelow,categorical
V-Dem-CY-Full+Others-v16.csv,v3elecsedf_ord_codehigh,categorical
V-Dem-CY-Full+Others-v16.csv,v3elecsedf_mean,quantitative
V-Dem-CY-Full+Others-v16.csv,v3elecsedf_nr,categorical
V-Dem-CY-Full+Others-v16.csv,v3elcomvot,quantitative
V-Dem-CY-Full+Others-v16.csv,v3elcomvot_codelow,categorical
V-Dem-CY-Full+Others-v16.csv,v3elcomvot_codehigh,categorical
V-Dem-CY-Full+Others-v16.csv,v3elcomvot_sd,quantitative
V-Dem-CY-Full+Others-v16.csv,v3elcomvot_osp,quantitative
V-Dem-CY-Full+Others-v16.csv,v3elcomvot_osp_codelow,categorical
V-Dem-CY-Full+Others-v16.csv,v3elcomvot_osp_codehigh,categorical
V-Dem-CY-Full+Others-v16.csv,v3elcomvot_osp_sd,quantitative
V-Dem-CY-Full+Others-v16.csv,v3elcomvot_ord,categorical
V-Dem-CY-Full+Others-v16.csv,v3elcomvot_ord_codelow,categorical
V-Dem-CY-Full+Others-v16.csv,v3elcomvot_ord_codehigh,categorical
V-Dem-CY-Full+Others-v16.csv,v3elcomvot_mean,categorical
V-Dem-CY-Full+Others-v16.csv,v3elcomvot_nr,categorical
V-Dem-CY-Full+Others-v16.csv,v3elsec,categorical
V-Dem-CY-Full+Others-v16.csv,v3canagelc,categorical
V-Dem-CY-Full+Others-v16.csv,v3canageuc,categorical
V-Dem-CY-Full+Others-v16.csv,v3elageuc,categorical
V-Dem-CY-Full+Others-v16.csv,v3eldirelc,categorical
V-Dem-CY-Full+Others-v16.csv,v3eldireuc,categorical
V-Dem-CY-Full+Others-v16.csv,v3eldirepr,categorical
V-Dem-CY-Full+Others-v16.csv,v3elncbmaj,categorical
V-Dem-CY-Full+Others-v16.csv,v3elupvtlg,categorical
V-Dem-CY-Full+Others-v16.csv,v3elupvtsm,categorical
V-Dem-CY-Full+Others-v16.csv,v3elupstsl,quantitative
V-Dem-CY-Full+Others-v16.csv,v3elupseat,quantitative
V-Dem-CY-Full+Others-v16.csv,v3elupstsm,quantitative
V-Dem-CY-Full+Others-v16.csv,v3eltvriguc,categorical
V-Dem-CY-Full+Others-v16.csv,v3ttlvote,quantitative
V-Dem-CY-Full+Others-v16.csv,v3elwomcab,categorical
V-Dem-CY-Full+Others-v16.csv,v3elagepr,categorical
V-Dem-CY-Full+Others-v16.csv,v3elrstrlc_0,categorical
V-Dem-CY-Full+Others-v16.csv,v3elrstrlc_1,categorical
V-Dem-CY-Full+Others-v16.csv,v3elrstrlc_2,categorical
V-Dem-CY-Full+Others-v16.csv,v3elrstrlc_3,categorical
V-Dem-CY-Full+Others-v16.csv,v3elrstrlc_4,categorical
V-Dem-CY-Full+Others-v16.csv,v3elrstrlc_5,categorical
V-Dem-CY-Full+Others-v16.csv,v3elrstrlc_6,categorical
V-Dem-CY-Full+Others-v16.csv,v3elrstrlc_7,categorical
V-Dem-CY-Full+Others-v16.csv,v3elrstrlc_8,categorical
V-Dem-CY-Full+Others-v16.csv,v3elrstrlc_9,categorical
V-Dem-CY-Full+Others-v16.csv,v3elrstrlc_10,categorical
V-Dem-CY-Full+Others-v16.csv,v3elrstrlc_11,categorical
V-Dem-CY-Full+Others-v16.csv,v3elrstrlc_12,categorical
V-Dem-CY-Full+Others-v16.csv,v3elrstrpr_0,categorical
V-Dem-CY-Full+Others-v16.csv,v3elrstrpr_1,categorical
V-Dem-CY-Full+Others-v16.csv,v3elrstrpr_2,categorical
V-Dem-CY-Full+Others-v16.csv,v3elrstrpr_3,categorical
V-Dem-CY-Full+Others-v16.csv,v3elrstrpr_4,categorical
V-Dem-CY-Full+Others-v16.csv,v3elrstrpr_5,categorical
V-Dem-CY-Full+Others-v16.csv,v3elrstrpr_6,categorical
V-Dem-CY-Full+Others-v16.csv,v3elrstrpr_7,categorical
V-Dem-CY-Full+Others-v16.csv,v3elrstrpr_8,categorical
V-Dem-CY-Full+Others-v16.csv,v3elrstrpr_9,categorical
V-Dem-CY-Full+Others-v16.csv,v3elrstrpr_10,categorical
V-Dem-CY-Full+Others-v16.csv,v3elrstrpr_11,categorical
V-Dem-CY-Full+Others-v16.csv,v3elrstrpr_12,categorical
V-Dem-CY-Full+Others-v16.csv,v3elrstrup_0,categorical
V-Dem-CY-Full+Others-v16.csv,v3elrstrup_1,categorical
V-Dem-CY-Full+Others-v16.csv,v3elrstrup_2,categorical
V-Dem-CY-Full+Others-v16.csv,v3elrstrup_3,categorical
V-Dem-CY-Full+Others-v16.csv,v3elrstrup_4,categorical
V-Dem-CY-Full+Others-v16.csv,v3elrstrup_5,categorical
V-Dem-CY-Full+Others-v16.csv,v3elrstrup_6,categorical
V-Dem-CY-Full+Others-v16.csv,v3elrstrup_7,categorical
V-Dem-CY-Full+Others-v16.csv,v3elrstrup_8,categorical
V-Dem-CY-Full+Others-v16.csv,v3elrstrup_9,categorical
V-Dem-CY-Full+Others-v16.csv,v3elrstrup_10,categorical
V-Dem-CY-Full+Others-v16.csv,v3elrstrup_11,categorical
V-Dem-CY-Full+Others-v16.csv,v3elrstrup_12,categorical
V-Dem-CY-Full+Others-v16.csv,v3elvstrlc_0,categorical
V-Dem-CY-Full+Others-v16.csv,v3elvstrlc_1,categorical
V-Dem-CY-Full+Others-v16.csv,v3elvstrlc_2,categorical
V-Dem-CY-Full+Others-v16.csv,v3elvstrlc_3,categorical
V-Dem-CY-Full+Others-v16.csv,v3elvstrlc_4,categorical
V-Dem-CY-Full+Others-v16.csv,v3elvstrlc_5,categorical
V-Dem-CY-Full+Others-v16.csv,v3elvstrlc_6,categorical
V-Dem-CY-Full+Others-v16.csv,v3elvstrlc_7,categorical
V-Dem-CY-Full+Others-v16.csv,v3elvstrlc_8,categorical
V-Dem-CY-Full+Others-v16.csv,v3elvstrlc_9,categorical
V-Dem-CY-Full+Others-v16.csv,v3elvstrlc_10,categorical
V-Dem-CY-Full+Others-v16.csv,v3elvstrlc_11,categorical
V-Dem-CY-Full+Others-v16.csv,v3elvstrlc_12,categorical
V-Dem-CY-Full+Others-v16.csv,v3elvstrpr_0,categorical
V-Dem-CY-Full+Others-v16.csv,v3elvstrpr_1,categorical
V-Dem-CY-Full+Others-v16.csv,v3elvstrpr_2,categorical
V-Dem-CY-Full+Others-v16.csv,v3elvstrpr_3,categorical
V-Dem-CY-Full+Others-v16.csv,v3elvstrpr_4,categorical
V-Dem-CY-Full+Others-v16.csv,v3elvstrpr_5,categorical
V-Dem-CY-Full+Others-v16.csv,v3elvstrpr_6,categorical
V-Dem-CY-Full+Others-v16.csv,v3elvstrpr_7,categorical
V-Dem-CY-Full+Others-v16.csv,v3elvstrpr_8,categorical
V-Dem-CY-Full+Others-v16.csv,v3elvstrpr_9,categorical
V-Dem-CY-Full+Others-v16.csv,v3elvstrpr_10,categorical
V-Dem-CY-Full+Others-v16.csv,v3elvstrpr_11,categorical
V-Dem-CY-Full+Others-v16.csv,v3elvstrpr_12,categorical
V-Dem-CY-Full+Others-v16.csv,v3elvstruc_0,categorical
V-Dem-CY-Full+Others-v16.csv,v3elvstruc_1,categorical
V-Dem-CY-Full+Others-v16.csv,v3elvstruc_2,categorical
V-Dem-CY-Full+Others-v16.csv,v3elvstruc_3,categorical
V-Dem-CY-Full+Others-v16.csv,v3elvstruc_4,categorical
V-Dem-CY-Full+Others-v16.csv,v3elvstruc_5,categorical
V-Dem-CY-Full+Others-v16.csv,v3elvstruc_6,categorical
V-Dem-CY-Full+Others-v16.csv,v3elvstruc_7,categorical
V-Dem-CY-Full+Others-v16.csv,v3elvstruc_8,categorical
V-Dem-CY-Full+Others-v16.csv,v3elvstruc_9,categorical
V-Dem-CY-Full+Others-v16.csv,v3elvstruc_10,categorical
V-Dem-CY-Full+Others-v16.csv,v3elvstruc_11,categorical
V-Dem-CY-Full+Others-v16.csv,v3elvstruc_12,categorical
V-Dem-CY-Full+Others-v16.csv,v3elrstrpr_13,categorical
V-Dem-CY-Full+Others-v16.csv,v3elvstruc_13,categorical
V-Dem-CY-Full+Others-v16.csv,v3elvstrpr_13,categorical
V-Dem-CY-Full+Others-v16.csv,v3elrstrlc_13,categorical
V-Dem-CY-Full+Others-v16.csv,v3elrstrup_13,categorical
V-Dem-CY-Full+Others-v16.csv,v3elvstrlc_13,categorical
V-Dem-CY-Full+Others-v16.csv,v3partyid,categorical
V-Dem-CY-Full+Others-v16.csv,v3partyid_nr,categorical
V-Dem-CY-Full+Others-v16.csv,v3psagefirst,quantitative
V-Dem-CY-Full+Others-v16.csv,v3psagesecond,quantitative
V-Dem-CY-Full+Others-v16.csv,v3psagethird,quantitative
V-Dem-CY-Full+Others-v16.csv,v3psagepm,quantitative
V-Dem-CY-Full+Others-v16.csv,v3lgbudglo,quantitative
V-Dem-CY-Full+Others-v16.csv,v3lgbudglo_codelow,categorical
V-Dem-CY-Full+Others-v16.csv,v3lgbudglo_codehigh,categorical
V-Dem-CY-Full+Others-v16.csv,v3lgbudglo_sd,quantitative
V-Dem-CY-Full+Others-v16.csv,v3lgbudglo_osp,quantitative
V-Dem-CY-Full+Others-v16.csv,v3lgbudglo_osp_codelow,categorical
V-Dem-CY-Full+Others-v16.csv,v3lgbudglo_osp_codehigh,categorical
V-Dem-CY-Full+Others-v16.csv,v3lgbudglo_osp_sd,quantitative
V-Dem-CY-Full+Others-v16.csv,v3lgbudglo_ord,categorical
V-Dem-CY-Full+Others-v16.csv,v3lgbudglo_ord_codelow,categorical
V-Dem-CY-Full+Others-v16.csv,v3lgbudglo_ord_codehigh,categorical
V-Dem-CY-Full+Others-v16.csv,v3lgbudglo_mean,categorical
V-Dem-CY-Full+Others-v16.csv,v3lgbudglo_nr,categorical
V-Dem-CY-Full+Others-v16.csv,v3lginses,quantitative
V-Dem-CY-Full+Others-v16.csv,v3lginses_codelow,categorical
V-Dem-CY-Full+Others-v16.csv,v3lginses_codehigh,categorical
V-Dem-CY-Full+Others-v16.csv,v3lginses_sd,quantitative
V-Dem-CY-Full+Others-v16.csv,v3lginses_osp,quantitative
V-Dem-CY-Full+Others-v16.csv,v3lginses_osp_codelow,categorical
V-Dem-CY-Full+Others-v16.csv,v3lginses_osp_codehigh,categorical
V-Dem-CY-Full+Others-v16.csv,v3lginses_osp_sd,quantitative
V-Dem-CY-Full+Others-v16.csv,v3lginses_ord,categorical
V-Dem-CY-Full+Others-v16.csv,v3lginses_ord_codelow,categorical
V-Dem-CY-Full+Others-v16.csv,v3lginses_ord_codehigh,categorical
V-Dem-CY-Full+Others-v16.csv,v3lginses_mean,quantitative
V-Dem-CY-Full+Others-v16.csv,v3lginses_nr,categorical
V-Dem-CY-Full+Others-v16.csv,v3lgbudgup,quantitative
V-Dem-CY-Full+Others-v16.csv,v3lgbudgup_codelow,categorical
V-Dem-CY-Full+Others-v16.csv,v3lgbudgup_codehigh,categorical
V-Dem-CY-Full+Others-v16.csv,v3lgbudgup_sd,quantitative
V-Dem-CY-Full+Others-v16.csv,v3lgbudgup_osp,quantitative
V-Dem-CY-Full+Others-v16.csv,v3lgbudgup_osp_codelow,categorical
V-Dem-CY-Full+Others-v16.csv,v3lgbudgup_osp_codehigh,categorical
V-Dem-CY-Full+Others-v16.csv,v3lgbudgup_osp_sd,quantitative
V-Dem-CY-Full+Others-v16.csv,v3lgbudgup_ord,categorical
V-Dem-CY-Full+Others-v16.csv,v3lgbudgup_ord_codelow,categorical
V-Dem-CY-Full+Others-v16.csv,v3lgbudgup_ord_codehigh,categorical
V-Dem-CY-Full+Others-v16.csv,v3lgbudgup_mean,categorical
V-Dem-CY-Full+Others-v16.csv,v3lgbudgup_nr,categorical
V-Dem-CY-Full+Others-v16.csv,v3lginsesup,quantitative
V-Dem-CY-Full+Others-v16.csv,v3lginsesup_codelow,categorical
V-Dem-CY-Full+Others-v16.csv,v3lginsesup_codehigh,categorical
V-Dem-CY-Full+Others-v16.csv,v3lginsesup_sd,quantitative
V-Dem-CY-Full+Others-v16.csv,v3lginsesup_osp,quantitative
V-Dem-CY-Full+Others-v16.csv,v3lginsesup_osp_codelow,categorical
V-Dem-CY-Full+Others-v16.csv,v3lginsesup_osp_codehigh,categorical
V-Dem-CY-Full+Others-v16.csv,v3lginsesup_osp_sd,quantitative
V-Dem-CY-Full+Others-v16.csv,v3lginsesup_ord,categorical
V-Dem-CY-Full+Others-v16.csv,v3lginsesup_ord_codelow,categorical
V-Dem-CY-Full+Others-v16.csv,v3lginsesup_ord_codehigh,categorical
V-Dem-CY-Full+Others-v16.csv,v3lginsesup_mean,quantitative
V-Dem-CY-Full+Others-v16.csv,v3lginsesup_nr,categorical
V-Dem-CY-Full+Others-v16.csv,v3lgcamoth,categorical
V-Dem-CY-Full+Others-v16.csv,v3lgqumin,categorical
V-Dem-CY-Full+Others-v16.csv,v3juhcourt,categorical
V-Dem-CY-Full+Others-v16.csv,v3cllabrig,quantitative
V-Dem-CY-Full+Others-v16.csv,v3cllabrig_codelow,categorical
V-Dem-CY-Full+Others-v16.csv,v3cllabrig_codehigh,categorical
V-Dem-CY-Full+Others-v16.csv,v3cllabrig_sd,quantitative
V-Dem-CY-Full+Others-v16.csv,v3cllabrig_osp,quantitative
V-Dem-CY-Full+Others-v16.csv,v3cllabrig_osp_codelow,categorical
V-Dem-CY-Full+Others-v16.csv,v3cllabrig_osp_codehigh,categorical
V-Dem-CY-Full+Others-v16.csv,v3cllabrig_osp_sd,quantitative
V-Dem-CY-Full+Others-v16.csv,v3cllabrig_ord,categorical
V-Dem-CY-Full+Others-v16.csv,v3cllabrig_ord_codelow,categorical
V-Dem-CY-Full+Others-v16.csv,v3cllabrig_ord_codehigh,categorical
V-Dem-CY-Full+Others-v16.csv,v3cllabrig_mean,quantitative
V-Dem-CY-Full+Others-v16.csv,v3cllabrig_nr,categorical
V-Dem-CY-Full+Others-v16.csv,v3serfdeju,categorical
V-Dem-CY-Full+Others-v16.csv,v3clslavery,categorical
V-Dem-CY-Full+Others-v16.csv,v3struinvadm,quantitative
V-Dem-CY-Full+Others-v16.csv,v3struinvadm_codelow,categorical
V-Dem-CY-Full+Others-v16.csv,v3struinvadm_codehigh,categorical
V-Dem-CY-Full+Others-v16.csv,v3struinvadm_sd,quantitative
V-Dem-CY-Full+Others-v16.csv,v3struinvadm_osp,quantitative
V-Dem-CY-Full+Others-v16.csv,v3struinvadm_osp_codelow,categorical
V-Dem-CY-Full+Others-v16.csv,v3struinvadm_osp_codehigh,categorical
V-Dem-CY-Full+Others-v16.csv,v3struinvadm_osp_sd,quantitative
V-Dem-CY-Full+Others-v16.csv,v3struinvadm_ord,categorical
V-Dem-CY-Full+Others-v16.csv,v3struinvadm_ord_codelow,categorical
V-Dem-CY-Full+Others-v16.csv,v3struinvadm_ord_codehigh,categorical
V-Dem-CY-Full+Others-v16.csv,v3struinvadm_mean,quantitative
V-Dem-CY-Full+Others-v16.csv,v3struinvadm_nr,categorical
V-Dem-CY-Full+Others-v16.csv,v3ststeecap,quantitative
V-Dem-CY-Full+Others-v16.csv,v3ststeecap_codelow,categorical
V-Dem-CY-Full+Others-v16.csv,v3ststeecap_codehigh,categorical
V-Dem-CY-Full+Others-v16.csv,v3ststeecap_sd,quantitative
V-Dem-CY-Full+Others-v16.csv,v3ststeecap_osp,quantitative
V-Dem-CY-Full+Others-v16.csv,v3ststeecap_osp_codelow,categorical
V-Dem-CY-Full+Others-v16.csv,v3ststeecap_osp_codehigh,categorical
V-Dem-CY-Full+Others-v16.csv,v3ststeecap_osp_sd,quantitative
V-Dem-CY-Full+Others-v16.csv,v3ststeecap_ord,categorical
V-Dem-CY-Full+Others-v16.csv,v3ststeecap_ord_codelow,categorical
V-Dem-CY-Full+Others-v16.csv,v3ststeecap_ord_codehigh,categorical
V-Dem-CY-Full+Others-v16.csv,v3ststeecap_mean,quantitative
V-Dem-CY-Full+Others-v16.csv,v3ststeecap_nr,categorical
V-Dem-CY-Full+Others-v16.csv,v3stnatant,categorical
V-Dem-CY-Full+Others-v16.csv,v3stnatbank,categorical
V-Dem-CY-Full+Others-v16.csv,v3stcitlaw,categorical
V-Dem-CY-Full+Others-v16.csv,v3stflag,categorical
V-Dem-CY-Full+Others-v16.csv,v3ststatag,categorical
V-Dem-CY-Full+Others-v16.csv,v3ststybpub,categorical
V-Dem-CY-Full+Others-v16.csv,v3ststybcov,categorical
V-Dem-CY-Full+Others-v16.csv,v3stcensus,categorical
V-Dem-CY-Full+Others-v16.csv,v3peminwage,categorical
V-Dem-CY-Full+Others-v16.csv,v3pechilabl,categorical
V-Dem-CY-Full+Others-v16.csv,v3equavolc_0,categorical
V-Dem-CY-Full+Others-v16.csv,v3equavolc_1,categorical
V-Dem-CY-Full+Others-v16.csv,v3equavolc_2,categorical
V-Dem-CY-Full+Others-v16.csv,v3equavolc_3,categorical
V-Dem-CY-Full+Others-v16.csv,v3equavolc_nr,categorical
V-Dem-CY-Full+Others-v16.csv,v3equavouc_0,categorical
V-Dem-CY-Full+Others-v16.csv,v3equavouc_1,categorical
V-Dem-CY-Full+Others-v16.csv,v3equavouc_2,categorical
V-Dem-CY-Full+Others-v16.csv,v3equavouc_3,categorical
V-Dem-CY-Full+Others-v16.csv,v3equavouc_nr,categorical
V-Dem-CY-Full+Others-v16.csv,v3peminwagerestr_0,categorical
V-Dem-CY-Full+Others-v16.csv,v3peminwagerestr_1,categorical
V-Dem-CY-Full+Others-v16.csv,v3peminwagerestr_2,categorical
V-Dem-CY-Full+Others-v16.csv,v3peminwagerestr_3,categorical
V-Dem-CY-Full+Others-v16.csv,v3peminwagerestr_4,categorical
V-Dem-CY-Full+Others-v16.csv,v3peminwagerestr_5,categorical
V-Dem-CY-Full+Others-v16.csv,v3peminwagerestr_6,categorical
V-Dem-CY-Full+Others-v16.csv,v3peminwagerestr_7,categorical
V-Dem-CY-Full+Others-v16.csv,v3peminwagerestr_8,categorical
V-Dem-CY-Full+Others-v16.csv,v3lgbicam,categorical
V-Dem-CY-Full+Others-v16.csv,v3lgnamelo,categorical
V-Dem-CY-Full+Others-v16.csv,v3lgnameup,categorical
V-Dem-CY-Full+Others-v16.csv,v3lgdomchm,quantitative
V-Dem-CY-Full+Others-v16.csv,v3lgdomchm_codelow,categorical
V-Dem-CY-Full+Others-v16.csv,v3lgdomchm_codehigh,categorical
V-Dem-CY-Full+Others-v16.csv,v3lgdomchm_sd,quantitative
V-Dem-CY-Full+Others-v16.csv,v3lgdomchm_osp,quantitative
V-Dem-CY-Full+Others-v16.csv,v3lgdomchm_osp_codelow,categorical
V-Dem-CY-Full+Others-v16.csv,v3lgdomchm_osp_codehigh,categorical
V-Dem-CY-Full+Others-v16.csv,v3lgdomchm_osp_sd,quantitative
V-Dem-CY-Full+Others-v16.csv,v3lgdomchm_ord,categorical
V-Dem-CY-Full+Others-v16.csv,v3lgdomchm_ord_codelow,categorical
V-Dem-CY-Full+Others-v16.csv,v3lgdomchm_ord_codehigh,categorical
V-Dem-CY-Full+Others-v16.csv,v3lgdomchm_mean,quantitative
V-Dem-CY-Full+Others-v16.csv,v3lgdomchm_nr,categorical
V-Dem-CY-Full+Others-v16.csv,v3lgqstexp,quantitative
V-Dem-CY-Full+Others-v16.csv,v3lgqstexp_codelow,categorical
V-Dem-CY-Full+Others-v16.csv,v3lgqstexp_codehigh,categorical
V-Dem-CY-Full+Others-v16.csv,v3lgqstexp_sd,quantitative
V-Dem-CY-Full+Others-v16.csv,v3lgqstexp_osp,quantitative
V-Dem-CY-Full+Others-v16.csv,v3lgqstexp_osp_codelow,categorical
V-Dem-CY-Full+Others-v16.csv,v3lgqstexp_osp_codehigh,categorical
V-Dem-CY-Full+Others-v16.csv,v3lgqstexp_osp_sd,quantitative
V-Dem-CY-Full+Others-v16.csv,v3lgqstexp_ord,categorical
V-Dem-CY-Full+Others-v16.csv,v3lgqstexp_ord_codelow,categorical
V-Dem-CY-Full+Others-v16.csv,v3lgqstexp_ord_codehigh,categorical
V-Dem-CY-Full+Others-v16.csv,v3lgqstexp_mean,categorical
V-Dem-CY-Full+Others-v16.csv,v3lgqstexp_nr,categorical
V-Dem-CY-Full+Others-v16.csv,v3lginvstp,quantitative
V-Dem-CY-Full+Others-v16.csv,v3lginvstp_codelow,categorical
V-Dem-CY-Full+Others-v16.csv,v3lginvstp_codehigh,categorical
V-Dem-CY-Full+Others-v16.csv,v3lginvstp_sd,quantitative
V-Dem-CY-Full+Others-v16.csv,v3lginvstp_osp,quantitative
V-Dem-CY-Full+Others-v16.csv,v3lginvstp_osp_codelow,categorical
V-Dem-CY-Full+Others-v16.csv,v3lginvstp_osp_codehigh,categorical
V-Dem-CY-Full+Others-v16.csv,v3lginvstp_osp_sd,quantitative
V-Dem-CY-Full+Others-v16.csv,v3lginvstp_ord,categorical
V-Dem-CY-Full+Others-v16.csv,v3lginvstp_ord_codelow,categorical
V-Dem-CY-Full+Others-v16.csv,v3lginvstp_ord_codehigh,categorical
V-Dem-CY-Full+Others-v16.csv,v3lginvstp_mean,quantitative
V-Dem-CY-Full+Others-v16.csv,v3lginvstp_nr,categorical
V-Dem-CY-Full+Others-v16.csv,v3lgotovst,quantitative
V-Dem-CY-Full+Others-v16.csv,v3lgotovst_codelow,categorical
V-Dem-CY-Full+Others-v16.csv,v3lgotovst_codehigh,categorical
V-Dem-CY-Full+Others-v16.csv,v3lgotovst_sd,quantitative
V-Dem-CY-Full+Others-v16.csv,v3lgotovst_osp,quantitative
V-Dem-CY-Full+Others-v16.csv,v3lgotovst_osp_codelow,categorical
V-Dem-CY-Full+Others-v16.csv,v3lgotovst_osp_codehigh,categorical
V-Dem-CY-Full+Others-v16.csv,v3lgotovst_osp_sd,quantitative
V-Dem-CY-Full+Others-v16.csv,v3lgotovst_ord,categorical
V-Dem-CY-Full+Others-v16.csv,v3lgotovst_ord_codelow,categorical
V-Dem-CY-Full+Others-v16.csv,v3lgotovst_ord_codehigh,categorical
V-Dem-CY-Full+Others-v16.csv,v3lgotovst_mean,quantitative
V-Dem-CY-Full+Others-v16.csv,v3lgotovst_nr,categorical
V-Dem-CY-Full+Others-v16.csv,v3lgcrrpt,quantitative
V-Dem-CY-Full+Others-v16.csv,v3lgcrrpt_codelow,categorical
V-Dem-CY-Full+Others-v16.csv,v3lgcrrpt_codehigh,categorical
V-Dem-CY-Full+Others-v16.csv,v3lgcrrpt_sd,quantitative
V-Dem-CY-Full+Others-v16.csv,v3lgcrrpt_osp,quantitative
V-Dem-CY-Full+Others-v16.csv,v3lgcrrpt_osp_codelow,categorical
V-Dem-CY-Full+Others-v16.csv,v3lgcrrpt_osp_codehigh,categorical
V-Dem-CY-Full+Others-v16.csv,v3lgcrrpt_osp_sd,quantitative
V-Dem-CY-Full+Others-v16.csv,v3lgcrrpt_ord,categorical
V-Dem-CY-Full+Others-v16.csv,v3lgcrrpt_ord_codelow,categorical
V-Dem-CY-Full+Others-v16.csv,v3lgcrrpt_ord_codehigh,categorical
V-Dem-CY-Full+Others-v16.csv,v3lgcrrpt_mean,quantitative
V-Dem-CY-Full+Others-v16.csv,v3lgcrrpt_nr,categorical
V-Dem-CY-Full+Others-v16.csv,v3lgoppart,quantitative
V-Dem-CY-Full+Others-v16.csv,v3lgoppart_codelow,categorical
V-Dem-CY-Full+Others-v16.csv,v3lgoppart_codehigh,categorical
V-Dem-CY-Full+Others-v16.csv,v3lgoppart_sd,quantitative
V-Dem-CY-Full+Others-v16.csv,v3lgoppart_osp,quantitative
V-Dem-CY-Full+Others-v16.csv,v3lgoppart_osp_codelow,categorical
V-Dem-CY-Full+Others-v16.csv,v3lgoppart_osp_codehigh,categorical
V-Dem-CY-Full+Others-v16.csv,v3lgoppart_osp_sd,quantitative
V-Dem-CY-Full+Others-v16.csv,v3lgoppart_ord,categorical
V-Dem-CY-Full+Others-v16.csv,v3lgoppart_ord_codelow,categorical
V-Dem-CY-Full+Others-v16.csv,v3lgoppart_ord_codehigh,categorical
V-Dem-CY-Full+Others-v16.csv,v3lgoppart_mean,quantitative
V-Dem-CY-Full+Others-v16.csv,v3lgoppart_nr,categorical
V-Dem-CY-Full+Others-v16.csv,v3lgfunds,quantitative
V-Dem-CY-Full+Others-v16.csv,v3lgfunds_codelow,categorical
V-Dem-CY-Full+Others-v16.csv,v3lgfunds_codehigh,categorical
V-Dem-CY-Full+Others-v16.csv,v3lgfunds_sd,quantitative
V-Dem-CY-Full+Others-v16.csv,v3lgfunds_osp,quantitative
V-Dem-CY-Full+Others-v16.csv,v3lgfunds_osp_codelow,categorical
V-Dem-CY-Full+Others-v16.csv,v3lgfunds_osp_codehigh,categorical
V-Dem-CY-Full+Others-v16.csv,v3lgfunds_osp_sd,quantitative
V-Dem-CY-Full+Others-v16.csv,v3lgfunds_ord,categorical
V-Dem-CY-Full+Others-v16.csv,v3lgfunds_ord_codelow,categorical
V-Dem-CY-Full+Others-v16.csv,v3lgfunds_ord_codehigh,categorical
V-Dem-CY-Full+Others-v16.csv,v3lgfunds_mean,categorical
V-Dem-CY-Full+Others-v16.csv,v3lgfunds_nr,categorical
V-Dem-CY-Full+Others-v16.csv,v3lglegplo,quantitative
V-Dem-CY-Full+Others-v16.csv,v3lglegplo_codelow,categorical
V-Dem-CY-Full+Others-v16.csv,v3lglegplo_codehigh,categorical
V-Dem-CY-Full+Others-v16.csv,v3lglegplo_sd,quantitative
V-Dem-CY-Full+Others-v16.csv,v3lglegplo_osp,quantitative
V-Dem-CY-Full+Others-v16.csv,v3lglegplo_osp_codelow,categorical
V-Dem-CY-Full+Others-v16.csv,v3lglegplo_osp_codehigh,categorical
V-Dem-CY-Full+Others-v16.csv,v3lglegplo_osp_sd,quantitative
V-Dem-CY-Full+Others-v16.csv,v3lglegplo_ord,categorical
V-Dem-CY-Full+Others-v16.csv,v3lglegplo_ord_codelow,categorical
V-Dem-CY-Full+Others-v16.csv,v3lglegplo_ord_codehigh,categorical
V-Dem-CY-Full+Others-v16.csv,v3lglegplo_mean,quantitative
V-Dem-CY-Full+Others-v16.csv,v3lglegplo_nr,categorical
V-Dem-CY-Full+Others-v16.csv,v3lgcomslo,quantitative
V-Dem-CY-Full+Others-v16.csv,v3lgcomslo_codelow,categorical
V-Dem-CY-Full+Others-v16.csv,v3lgcomslo_codehigh,categorical
V-Dem-CY-Full+Others-v16.csv,v3lgcomslo_sd,quantitative
V-Dem-CY-Full+Others-v16.csv,v3lgcomslo_osp,quantitative
V-Dem-CY-Full+Others-v16.csv,v3lgcomslo_osp_codelow,categorical
V-Dem-CY-Full+Others-v16.csv,v3lgcomslo_osp_codehigh,categorical
V-Dem-CY-Full+Others-v16.csv,v3lgcomslo_osp_sd,quantitative
V-Dem-CY-Full+Others-v16.csv,v3lgcomslo_ord,categorical
V-Dem-CY-Full+Others-v16.csv,v3lgcomslo_ord_codelow,categorical
V-Dem-CY-Full+Others-v16.csv,v3lgcomslo_ord_codehigh,categorical
V-Dem-CY-Full+Others-v16.csv,v3lgcomslo_mean,quantitative
V-Dem-CY-Full+Others-v16.csv,v3lgcomslo_nr,categorical
V-Dem-CY-Full+Others-v16.csv,v3lglegpup,quantitative
V-Dem-CY-Full+Others-v16.csv,v3lglegpup_codelow,categorical
V-Dem-CY-Full+Others-v16.csv,v3lglegpup_codehigh,categorical
V-Dem-CY-Full+Others-v16.csv,v3lglegpup_sd,quantitative
V-Dem-CY-Full+Others-v16.csv,v3lglegpup_osp,quantitative
V-Dem-CY-Full+Others-v16.csv,v3lglegpup_osp_codelow,categorical
V-Dem-CY-Full+Others-v16.csv,v3lglegpup_osp_codehigh,categorical
V-Dem-CY-Full+Others-v16.csv,v3lglegpup_osp_sd,quantitative
V-Dem-CY-Full+Others-v16.csv,v3lglegpup_ord,categorical
V-Dem-CY-Full+Others-v16.csv,v3lglegpup_ord_codelow,categorical
V-Dem-CY-Full+Others-v16.csv,v3lglegpup_ord_codehigh,categorical
V-Dem-CY-Full+Others-v16.csv,v3lglegpup_mean,quantitative
V-Dem-CY-Full+Others-v16.csv,v3lglegpup_nr,categorical
V-Dem-CY-Full+Others-v16.csv,v3lgsrvlo,quantitative
V-Dem-CY-Full+Others-v16.csv,v3lgsrvlo_codelow,categorical
V-Dem-CY-Full+Others-v16.csv,v3lgsrvlo_codehigh,categorical
V-Dem-CY-Full+Others-v16.csv,v3lgsrvlo_sd,quantitative
V-Dem-CY-Full+Others-v16.csv,v3lgsrvlo_osp,quantitative
V-Dem-CY-Full+Others-v16.csv,v3lgsrvlo_osp_codelow,categorical
V-Dem-CY-Full+Others-v16.csv,v3lgsrvlo_osp_codehigh,categorical
V-Dem-CY-Full+Others-v16.csv,v3lgsrvlo_osp_sd,quantitative
V-Dem-CY-Full+Others-v16.csv,v3lgsrvlo_ord,categorical
V-Dem-CY-Full+Others-v16.csv,v3lgsrvlo_ord_codelow,categorical
V-Dem-CY-Full+Others-v16.csv,v3lgsrvlo_ord_codehigh,categorical
V-Dem-CY-Full+Others-v16.csv,v3lgsrvlo_mean,categorical
V-Dem-CY-Full+Others-v16.csv,v3lgsrvlo_nr,categorical
V-Dem-CY-Full+Others-v16.csv,v3elncbpr,categorical
V-Dem-CY-Full+Others-v16.csv,v3elvotsml,quantitative
V-Dem-CY-Full+Others-v16.csv,v3ellovtlg,quantitative
V-Dem-CY-Full+Others-v16.csv,v3elloelsy,categorical
V-Dem-CY-Full+Others-v16.csv,v3elparlel,categorical
V-Dem-CY-Full+Others-v16.csv,v3eltrnout,quantitative
V-Dem-CY-Full+Others-v16.csv,v3elloseat,quantitative
V-Dem-CY-Full+Others-v16.csv,v3ellostlg,quantitative
V-Dem-CY-Full+Others-v16.csv,v3elvotlrg,quantitative
V-Dem-CY-Full+Others-v16.csv,v3ellovtsm,quantitative
V-Dem-CY-Full+Others-v16.csv,v3ellostsl,quantitative
V-Dem-CY-Full+Others-v16.csv,v3ellostsm,quantitative
V-Dem-CY-Full+Others-v16.csv,v3ellostss,quantitative
V-Dem-CY-Full+Others-v16.csv,v3eltvrig,categorical
V-Dem-CY-Full+Others-v16.csv,v3lgelecup,quantitative
V-Dem-CY-Full+Others-v16.csv,v3lginelup,quantitative
V-Dem-CY-Full+Others-v16.csv,v3lgello,quantitative
V-Dem-CY-Full+Others-v16.csv,v3lginello,quantitative
V-Dem-CY-Full+Others-v16.csv,v3eltype_0,categorical
V-Dem-CY-Full+Others-v16.csv,v3eltype_1,categorical
V-Dem-CY-Full+Others-v16.csv,v3eltype_2,categorical
V-Dem-CY-Full+Others-v16.csv,v3eltype_3,categorical
V-Dem-CY-Full+Others-v16.csv,v3eltype_4,categorical
V-Dem-CY-Full+Others-v16.csv,v3eltype_5,categorical
V-Dem-CY-Full+Others-v16.csv,v3eltype_6,categorical
V-Dem-CY-Full+Others-v16.csv,v3eltype_7,categorical
V-Dem-CY-Full+Others-v16.csv,v3eltype_8,categorical
V-Dem-CY-Full+Others-v16.csv,v3eltype_9,categorical
V-Dem-CY-Full+Others-v16.csv,v3exnamhos,categorical
V-Dem-CY-Full+Others-v16.csv,v3exnamhog,categorical
V-Dem-CY-Full+Others-v16.csv,v3exhoshog,categorical
V-Dem-CY-Full+Others-v16.csv,v3extithos,categorical
V-Dem-CY-Full+Others-v16.csv,v3extithog,categorical
V-Dem-CY-Full+Others-v16.csv,v3elreggov,categorical
V-Dem-CY-Full+Others-v16.csv,v3elregnam,categorical
V-Dem-CY-Full+Others-v16.csv,v3elsrgel,categorical
V-Dem-CY-Full+Others-v16.csv,v3ellocgov,categorical
V-Dem-CY-Full+Others-v16.csv,v3ellocnam,categorical
V-Dem-CY-Full+Others-v16.csv,v3ellocelc,categorical
V-Dem-CY-Full+Others-v16.csv,v3juhcname,categorical
V-Dem-CY-Full+Others-v16.csv,v3exagehos,quantitative
V-Dem-CY-Full+Others-v16.csv,v3expathhs,categorical
V-Dem-CY-Full+Others-v16.csv,v3lgleglup,categorical
V-Dem-CY-Full+Others-v16.csv,v3lglegllo,categorical
V-Dem-CY-Full+Others-v16.csv,v3lgintblo,categorical
V-Dem-CY-Full+Others-v16.csv,v3lgamend,categorical
V-Dem-CY-Full+Others-v16.csv,v3lgamnsty,categorical
V-Dem-CY-Full+Others-v16.csv,v2x_regime,categorical
V-Dem-CY-Full+Others-v16.csv,v2x_regime_amb,categorical
V-Dem-CY-Full+Others-v16.csv,v2x_accountability,quantitative
V-Dem-CY-Full+Others-v16.csv,v2x_accountability_codelow,categorical
V-Dem-CY-Full+Others-v16.csv,v2x_accountability_codehigh,categorical
V-Dem-CY-Full+Others-v16.csv,v2x_accountability_osp,quantitative
V-Dem-CY-Full+Others-v16.csv,v2x_accountability_osp_codelow,categorical
V-Dem-CY-Full+Others-v16.csv,v2x_accountability_osp_codehigh,categorical
V-Dem-CY-Full+Others-v16.csv,v2x_veracc,quantitative
V-Dem-CY-Full+Others-v16.csv,v2x_veracc_codelow,categorical
V-Dem-CY-Full+Others-v16.csv,v2x_veracc_codehigh,categorical
V-Dem-CY-Full+Others-v16.csv,v2x_veracc_osp,quantitative
V-Dem-CY-Full+Others-v16.csv,v2x_veracc_osp_codelow,categorical
V-Dem-CY-Full+Others-v16.csv,v2x_veracc_osp_codehigh,categorical
V-Dem-CY-Full+Others-v16.csv,v2x_diagacc,quantitative
V-Dem-CY-Full+Others-v16.csv,v2x_diagacc_codelow,categorical
V-Dem-CY-Full+Others-v16.csv,v2x_diagacc_codehigh,categorical
V-Dem-CY-Full+Others-v16.csv,v2x_diagacc_osp,quantitative
V-Dem-CY-Full+Others-v16.csv,v2x_diagacc_osp_codelow,categorical
V-Dem-CY-Full+Others-v16.csv,v2x_diagacc_osp_codehigh,categorical
V-Dem-CY-Full+Others-v16.csv,v2x_horacc,quantitative
V-Dem-CY-Full+Others-v16.csv,v2x_horacc_codelow,categorical
V-Dem-CY-Full+Others-v16.csv,v2x_horacc_codehigh,categorical
V-Dem-CY-Full+Others-v16.csv,v2x_horacc_osp,quantitative
V-Dem-CY-Full+Others-v16.csv,v2x_horacc_osp_codelow,categorical
V-Dem-CY-Full+Others-v16.csv,v2x_horacc_osp_codehigh,categorical
V-Dem-CY-Full+Others-v16.csv,v2x_ex_hereditary,quantitative
V-Dem-CY-Full+Others-v16.csv,v2x_ex_military,quantitative
V-Dem-CY-Full+Others-v16.csv,v2x_ex_party,quantitative
V-Dem-CY-Full+Others-v16.csv,v2x_ex_direlect,categorical
V-Dem-CY-Full+Others-v16.csv,v2x_ex_confidence,categorical
V-Dem-CY-Full+Others-v16.csv,v2xnp_regcorr,quantitative
V-Dem-CY-Full+Others-v16.csv,v2xnp_regcorr_codelow,categorical
V-Dem-CY-Full+Others-v16.csv,v2xnp_regcorr_codehigh,categorical
V-Dem-CY-Full+Others-v16.csv,v2xnp_regcorr_sd,quantitative
V-Dem-CY-Full+Others-v16.csv,v2x_neopat,quantitative
V-Dem-CY-Full+Others-v16.csv,v2x_neopat_codelow,categorical
V-Dem-CY-Full+Others-v16.csv,v2x_neopat_codehigh,categorical
V-Dem-CY-Full+Others-v16.csv,v2x_neopat_sd,quantitative
V-Dem-CY-Full+Others-v16.csv,v2xnp_pres,quantitative
V-Dem-CY-Full+Others-v16.csv,v2xnp_pres_codelow,categorical
V-Dem-CY-Full+Others-v16.csv,v2xnp_pres_codehigh,categorical
V-Dem-CY-Full+Others-v16.csv,v2xnp_pres_sd,quantitative
V-Dem-CY-Full+Others-v16.csv,v2xnp_client,quantitative
V-Dem-CY-Full+Others-v16.csv,v2xnp_client_codelow,categorical
V-Dem-CY-Full+Others-v16.csv,v2xnp_client_codehigh,categorical
V-Dem-CY-Full+Others-v16.csv,v2xnp_client_sd,quantitative
V-Dem-CY-Full+Others-v16.csv,v2x_civlib,quantitative
V-Dem-CY-Full+Others-v16.csv,v2x_civlib_codelow,categorical
V-Dem-CY-Full+Others-v16.csv,v2x_civlib_codehigh,categorical
V-Dem-CY-Full+Others-v16.csv,v2x_civlib_sd,quantitative
V-Dem-CY-Full+Others-v16.csv,v2x_clpriv,quantitative
V-Dem-CY-Full+Others-v16.csv,v2x_clpriv_codelow,categorical
V-Dem-CY-Full+Others-v16.csv,v2x_clpriv_codehigh,categorical
V-Dem-CY-Full+Others-v16.csv,v2x_clpriv_sd,quantitative
V-Dem-CY-Full+Others-v16.csv,v2x_clpol,quantitative
V-Dem-CY-Full+Others-v16.csv,v2x_clpol_codelow,categorical
V-Dem-CY-Full+Others-v16.csv,v2x_clpol_codehigh,categorical
V-Dem-CY-Full+Others-v16.csv,v2x_clpol_sd,quantitative
V-Dem-CY-Full+Others-v16.csv,v2x_clphy,quantitative
V-Dem-CY-Full+Others-v16.csv,v2x_clphy_codelow,categorical
V-Dem-CY-Full+Others-v16.csv,v2x_clphy_codehigh,categorical
V-Dem-CY-Full+Others-v16.csv,v2x_clphy_sd,quantitative
V-Dem-CY-Full+Others-v16.csv,v2xpe_exlsocgr,quantitative
V-Dem-CY-Full+Others-v16.csv,v2xpe_exlsocgr_codelow,categorical
V-Dem-CY-Full+Others-v16.csv,v2xpe_exlsocgr_codehigh,categorical
V-Dem-CY-Full+Others-v16.csv,v2xpe_exlsocgr_sd,quantitative
V-Dem-CY-Full+Others-v16.csv,v2xpe_exlgender,quantitative
V-Dem-CY-Full+Others-v16.csv,v2xpe_exlgender_codelow,categorical
V-Dem-CY-Full+Others-v16.csv,v2xpe_exlgender_codehigh,categorical
V-Dem-CY-Full+Others-v16.csv,v2xpe_exlgender_sd,quantitative
V-Dem-CY-Full+Others-v16.csv,v2xpe_exlecon,quantitative
V-Dem-CY-Full+Others-v16.csv,v2xpe_exlecon_codelow,categorical
V-Dem-CY-Full+Others-v16.csv,v2xpe_exlecon_codehigh,categorical
V-Dem-CY-Full+Others-v16.csv,v2xpe_exlecon_sd,quantitative
V-Dem-CY-Full+Others-v16.csv,v2xpe_exlpol,quantitative
V-Dem-CY-Full+Others-v16.csv,v2xpe_exlpol_codelow,categorical
V-Dem-CY-Full+Others-v16.csv,v2xpe_exlpol_codehigh,categorical
V-Dem-CY-Full+Others-v16.csv,v2xpe_exlpol_sd,quantitative
V-Dem-CY-Full+Others-v16.csv,v2xpe_exlgeo,quantitative
V-Dem-CY-Full+Others-v16.csv,v2xpe_exlgeo_codelow,categorical
V-Dem-CY-Full+Others-v16.csv,v2xpe_exlgeo_codehigh,categorical
V-Dem-CY-Full+Others-v16.csv,v2xpe_exlgeo_sd,quantitative
V-Dem-CY-Full+Others-v16.csv,v2x_corr,quantitative
V-Dem-CY-Full+Others-v16.csv,v2x_corr_codelow,categorical
V-Dem-CY-Full+Others-v16.csv,v2x_corr_codehigh,categorical
V-Dem-CY-Full+Others-v16.csv,v2x_corr_sd,quantitative
V-Dem-CY-Full+Others-v16.csv,v2x_pubcorr,quantitative
V-Dem-CY-Full+Others-v16.csv,v2x_pubcorr_codelow,categorical
V-Dem-CY-Full+Others-v16.csv,v2x_pubcorr_codehigh,categorical
V-Dem-CY-Full+Others-v16.csv,v2x_pubcorr_sd,quantitative
V-Dem-CY-Full+Others-v16.csv,v2x_execorr,quantitative
V-Dem-CY-Full+Others-v16.csv,v2x_execorr_codelow,categorical
V-Dem-CY-Full+Others-v16.csv,v2x_execorr_codehigh,categorical
V-Dem-CY-Full+Others-v16.csv,v2x_execorr_sd,quantitative
V-Dem-CY-Full+Others-v16.csv,v2x_gender,quantitative
V-Dem-CY-Full+Others-v16.csv,v2x_gender_codelow,categorical
V-Dem-CY-Full+Others-v16.csv,v2x_gender_codehigh,categorical
V-Dem-CY-Full+Others-v16.csv,v2x_gender_sd,quantitative
V-Dem-CY-Full+Others-v16.csv,v2x_gencl,quantitative
V-Dem-CY-Full+Others-v16.csv,v2x_gencl_codelow,categorical
V-Dem-CY-Full+Others-v16.csv,v2x_gencl_codehigh,categorical
V-Dem-CY-Full+Others-v16.csv,v2x_gencl_sd,quantitative
V-Dem-CY-Full+Others-v16.csv,v2x_gencs,quantitative
V-Dem-CY-Full+Others-v16.csv,v2x_gencs_codelow,categorical
V-Dem-CY-Full+Others-v16.csv,v2x_gencs_codehigh,categorical
V-Dem-CY-Full+Others-v16.csv,v2x_gencs_sd,quantitative
V-Dem-CY-Full+Others-v16.csv,v2x_genpp,quantitative
V-Dem-CY-Full+Others-v16.csv,v2x_genpp_codelow,categorical
V-Dem-CY-Full+Others-v16.csv,v2x_genpp_codehigh,categorical
V-Dem-CY-Full+Others-v16.csv,v2x_genpp_sd,quantitative
V-Dem-CY-Full+Others-v16.csv,v2x_rule,quantitative
V-Dem-CY-Full+Others-v16.csv,v2x_rule_codelow,categorical
V-Dem-CY-Full+Others-v16.csv,v2x_rule_codehigh,categorical
V-Dem-CY-Full+Others-v16.csv,v2x_rule_sd,quantitative
V-Dem-CY-Full+Others-v16.csv,v2xcl_acjst,quantitative
V-Dem-CY-Full+Others-v16.csv,v2xcl_acjst_codelow,categorical
V-Dem-CY-Full+Others-v16.csv,v2xcl_acjst_codehigh,categorical
V-Dem-CY-Full+Others-v16.csv,v2xcl_acjst_sd,quantitative
V-Dem-CY-Full+Others-v16.csv,v2xcl_prpty,quantitative
V-Dem-CY-Full+Others-v16.csv,v2xcl_prpty_codelow,categorical
V-Dem-CY-Full+Others-v16.csv,v2xcl_prpty_codehigh,categorical
V-Dem-CY-Full+Others-v16.csv,v2xcl_prpty_sd,quantitative
V-Dem-CY-Full+Others-v16.csv,v2xdd_i_ci,quantitative
V-Dem-CY-Full+Others-v16.csv,v2xdd_i_rf,quantitative
V-Dem-CY-Full+Others-v16.csv,v2xdd_i_or,quantitative
V-Dem-CY-Full+Others-v16.csv,v2xdd_i_pl,quantitative
V-Dem-CY-Full+Others-v16.csv,v2xdd_cic,quantitative
V-Dem-CY-Full+Others-v16.csv,v2xdd_toc,quantitative
V-Dem-CY-Full+Others-v16.csv,v2xcs_ccsi,quantitative
V-Dem-CY-Full+Others-v16.csv,v2xcs_ccsi_codelow,categorical
V-Dem-CY-Full+Others-v16.csv,v2xcs_ccsi_codehigh,categorical
V-Dem-CY-Full+Others-v16.csv,v2xcs_ccsi_sd,quantitative
V-Dem-CY-Full+Others-v16.csv,v2x_elecreg,categorical
V-Dem-CY-Full+Others-v16.csv,v2xex_elecreg,categorical
V-Dem-CY-Full+Others-v16.csv,v2xlg_elecreg,categorical
V-Dem-CY-Full+Others-v16.csv,v2x_EDcomp_thick,quantitative
V-Dem-CY-Full+Others-v16.csv,v2x_EDcomp_thick_codelow,categorical
V-Dem-CY-Full+Others-v16.csv,v2x_EDcomp_thick_codehigh,categorical
V-Dem-CY-Full+Others-v16.csv,v2x_EDcomp_thick_sd,quantitative
V-Dem-CY-Full+Others-v16.csv,v2x_freexp,quantitative
V-Dem-CY-Full+Others-v16.csv,v2x_freexp_codelow,categorical
V-Dem-CY-Full+Others-v16.csv,v2x_freexp_codehigh,categorical
V-Dem-CY-Full+Others-v16.csv,v2x_freexp_sd,quantitative
V-Dem-CY-Full+Others-v16.csv,v2xme_altinf,quantitative
V-Dem-CY-Full+Others-v16.csv,v2xme_altinf_codelow,categorical
V-Dem-CY-Full+Others-v16.csv,v2xme_altinf_codehigh,categorical
V-Dem-CY-Full+Others-v16.csv,v2xme_altinf_sd,quantitative
V-Dem-CY-Full+Others-v16.csv,v2xcl_dmove,quantitative
V-Dem-CY-Full+Others-v16.csv,v2xcl_dmove_codelow,categorical
V-Dem-CY-Full+Others-v16.csv,v2xcl_dmove_codehigh,categorical
V-Dem-CY-Full+Others-v16.csv,v2xcl_dmove_sd,quantitative
V-Dem-CY-Full+Others-v16.csv,v2xcl_slave,quantitative
V-Dem-CY-Full+Others-v16.csv,v2xcl_slave_codelow,categorical
V-Dem-CY-Full+Others-v16.csv,v2xcl_slave_codehigh,categorical
V-Dem-CY-Full+Others-v16.csv,v2xcl_slave_sd,quantitative
V-Dem-CY-Full+Others-v16.csv,v2xcl_disc,quantitative
V-Dem-CY-Full+Others-v16.csv,v2xcl_disc_codelow,categorical
V-Dem-CY-Full+Others-v16.csv,v2xcl_disc_codehigh,categorical
V-Dem-CY-Full+Others-v16.csv,v2xcl_disc_sd,quantitative
V-Dem-CY-Full+Others-v16.csv,v2xel_elecparl,categorical
V-Dem-CY-Full+Others-v16.csv,v2xlg_leginter,categorical
V-Dem-CY-Full+Others-v16.csv,v2xel_elecpres,categorical
V-Dem-CY-Full+Others-v16.csv,v2x_hosinter,categorical
V-Dem-CY-Full+Others-v16.csv,v2x_hosabort,categorical
V-Dem-CY-Full+Others-v16.csv,v2x_legabort,categorical
V-Dem-CY-Full+Others-v16.csv,v2xex_elecleg,quantitative
V-Dem-CY-Full+Others-v16.csv,v2xps_party,quantitative
V-Dem-CY-Full+Others-v16.csv,v2xps_party_codelow,categorical
V-Dem-CY-Full+Others-v16.csv,v2xps_party_codehigh,categorical
V-Dem-CY-Full+Others-v16.csv,v2x_divparctrl,quantitative
V-Dem-CY-Full+Others-v16.csv,v2x_feduni,quantitative
V-Dem-CY-Full+Others-v16.csv,v2xca_academ,quantitative
V-Dem-CY-Full+Others-v16.csv,v2xca_academ_codelow,categorical
V-Dem-CY-Full+Others-v16.csv,v2xca_academ_codehigh,categorical
V-Dem-CY-Full+Others-v16.csv,v2xca_academ_sd,quantitative
V-Dem-CY-Full+Others-v16.csv,v2x_electoral_integrity,quantitative
V-Dem-CY-Full+Others-v16.csv,v2x_polyarchy_stock,quantitative
V-Dem-CY-Full+Others-v16.csv,v2x_libdem_stock,quantitative
V-Dem-CY-Full+Others-v16.csv,v2x_partipdem_stock,quantitative
V-Dem-CY-Full+Others-v16.csv,v2x_delibdem_stock,quantitative
V-Dem-CY-Full+Others-v16.csv,v2x_egaldem_stock,quantitative
V-Dem-CY-Full+Others-v16.csv,v2xpas_democracy,quantitative
V-Dem-CY-Full+Others-v16.csv,v2xpas_democracy_government,quantitative
V-Dem-CY-Full+Others-v16.csv,v2xpas_democracy_opposition,quantitative
V-Dem-CY-Full+Others-v16.csv,v2xpas_religion,quantitative
V-Dem-CY-Full+Others-v16.csv,v2xpas_religion_government,quantitative
V-Dem-CY-Full+Others-v16.csv,v2xpas_religion_opposition,quantitative
V-Dem-CY-Full+Others-v16.csv,v2xpas_exclusion,quantitative
V-Dem-CY-Full+Others-v16.csv,v2xpas_exclusion_government,quantitative
V-Dem-CY-Full+Others-v16.csv,v2xpas_exclusion_opposition,quantitative
V-Dem-CY-Full+Others-v16.csv,v2xpas_economic,quantitative
V-Dem-CY-Full+Others-v16.csv,v2xpas_economic_government,quantitative
V-Dem-CY-Full+Others-v16.csv,v2xpas_economic_opposition,quantitative
V-Dem-CY-Full+Others-v16.csv,v2smgovdom,quantitative
V-Dem-CY-Full+Others-v16.csv,v2smgovdom_codelow,categorical
V-Dem-CY-Full+Others-v16.csv,v2smgovdom_codehigh,categorical
V-Dem-CY-Full+Others-v16.csv,v2smgovdom_sd,quantitative
V-Dem-CY-Full+Others-v16.csv,v2smgovdom_osp,quantitative
V-Dem-CY-Full+Others-v16.csv,v2smgovdom_osp_codelow,categorical
V-Dem-CY-Full+Others-v16.csv,v2smgovdom_osp_codehigh,categorical
V-Dem-CY-Full+Others-v16.csv,v2smgovdom_osp_sd,quantitative
V-Dem-CY-Full+Others-v16.csv,v2smgovdom_ord,categorical
V-Dem-CY-Full+Others-v16.csv,v2smgovdom_ord_codelow,categorical
V-Dem-CY-Full+Others-v16.csv,v2smgovdom_ord_codehigh,categorical
V-Dem-CY-Full+Others-v16.csv,v2smgovdom_mean,quantitative
V-Dem-CY-Full+Others-v16.csv,v2smgovdom_nr,quantitative
V-Dem-CY-Full+Others-v16.csv,v2smgovab,quantitative
V-Dem-CY-Full+Others-v16.csv,v2smgovab_codelow,categorical
V-Dem-CY-Full+Others-v16.csv,v2smgovab_codehigh,categorical
V-Dem-CY-Full+Others-v16.csv,v2smgovab_sd,quantitative
V-Dem-CY-Full+Others-v16.csv,v2smgovab_osp,quantitative
V-Dem-CY-Full+Others-v16.csv,v2smgovab_osp_codelow,categorical
V-Dem-CY-Full+Others-v16.csv,v2smgovab_osp_codehigh,categorical
V-Dem-CY-Full+Others-v16.csv,v2smgovab_osp_sd,quantitative
V-Dem-CY-Full+Others-v16.csv,v2smgovab_ord,categorical
V-Dem-CY-Full+Others-v16.csv,v2smgovab_ord_codelow,categorical
V-Dem-CY-Full+Others-v16.csv,v2smgovab_ord_codehigh,categorical
V-Dem-CY-Full+Others-v16.csv,v2smgovab_mean,quantitative
V-Dem-CY-Full+Others-v16.csv,v2smgovab_nr,quantitative
V-Dem-CY-Full+Others-v16.csv,v2smpardom,quantitative
V-Dem-CY-Full+Others-v16.csv,v2smpardom_codelow,categorical
V-Dem-CY-Full+Others-v16.csv,v2smpardom_codehigh,categorical
V-Dem-CY-Full+Others-v16.csv,v2smpardom_sd,quantitative
V-Dem-CY-Full+Others-v16.csv,v2smpardom_osp,quantitative
V-Dem-CY-Full+Others-v16.csv,v2smpardom_osp_codelow,categorical
V-Dem-CY-Full+Others-v16.csv,v2smpardom_osp_codehigh,categorical
V-Dem-CY-Full+Others-v16.csv,v2smpardom_osp_sd,quantitative
V-Dem-CY-Full+Others-v16.csv,v2smpardom_ord,categorical
V-Dem-CY-Full+Others-v16.csv,v2smpardom_ord_codelow,categorical
V-Dem-CY-Full+Others-v16.csv,v2smpardom_ord_codehigh,categorical
V-Dem-CY-Full+Others-v16.csv,v2smpardom_mean,quantitative
V-Dem-CY-Full+Others-v16.csv,v2smpardom_nr,quantitative
V-Dem-CY-Full+Others-v16.csv,v2smparab,quantitative
V-Dem-CY-Full+Others-v16.csv,v2smparab_codelow,categorical
V-Dem-CY-Full+Others-v16.csv,v2smparab_codehigh,categorical
V-Dem-CY-Full+Others-v16.csv,v2smparab_sd,quantitative
V-Dem-CY-Full+Others-v16.csv,v2smparab_osp,quantitative
V-Dem-CY-Full+Others-v16.csv,v2smparab_osp_codelow,categorical
V-Dem-CY-Full+Others-v16.csv,v2smparab_osp_codehigh,categorical
V-Dem-CY-Full+Others-v16.csv,v2smparab_osp_sd,quantitative
V-Dem-CY-Full+Others-v16.csv,v2smparab_ord,categorical
V-Dem-CY-Full+Others-v16.csv,v2smparab_ord_codelow,categorical
V-Dem-CY-Full+Others-v16.csv,v2smparab_ord_codehigh,categorical
V-Dem-CY-Full+Others-v16.csv,v2smparab_mean,quantitative
V-Dem-CY-Full+Others-v16.csv,v2smparab_nr,quantitative
V-Dem-CY-Full+Others-v16.csv,v2smfordom,quantitative
V-Dem-CY-Full+Others-v16.csv,v2smfordom_codelow,categorical
V-Dem-CY-Full+Others-v16.csv,v2smfordom_codehigh,categorical
V-Dem-CY-Full+Others-v16.csv,v2smfordom_sd,quantitative
V-Dem-CY-Full+Others-v16.csv,v2smfordom_osp,quantitative
V-Dem-CY-Full+Others-v16.csv,v2smfordom_osp_codelow,categorical
V-Dem-CY-Full+Others-v16.csv,v2smfordom_osp_codehigh,categorical
V-Dem-CY-Full+Others-v16.csv,v2smfordom_osp_sd,quantitative
V-Dem-CY-Full+Others-v16.csv,v2smfordom_ord,categorical
V-Dem-CY-Full+Others-v16.csv,v2smfordom_ord_codelow,categorical
V-Dem-CY-Full+Others-v16.csv,v2smfordom_ord_codehigh,categorical
V-Dem-CY-Full+Others-v16.csv,v2smfordom_mean,quantitative
V-Dem-CY-Full+Others-v16.csv,v2smfordom_nr,quantitative
V-Dem-CY-Full+Others-v16.csv,v2smforads,quantitative
V-Dem-CY-Full+Others-v16.csv,v2smforads_codelow,categorical
V-Dem-CY-Full+Others-v16.csv,v2smforads_codehigh,categorical
V-Dem-CY-Full+Others-v16.csv,v2smforads_sd,quantitative
V-Dem-CY-Full+Others-v16.csv,v2smforads_osp,quantitative
V-Dem-CY-Full+Others-v16.csv,v2smforads_osp_codelow,categorical
V-Dem-CY-Full+Others-v16.csv,v2smforads_osp_codehigh,categorical
V-Dem-CY-Full+Others-v16.csv,v2smforads_osp_sd,quantitative
V-Dem-CY-Full+Others-v16.csv,v2smforads_ord,categorical
V-Dem-CY-Full+Others-v16.csv,v2smforads_ord_codelow,categorical
V-Dem-CY-Full+Others-v16.csv,v2smforads_ord_codehigh,categorical
V-Dem-CY-Full+Others-v16.csv,v2smforads_mean,quantitative
V-Dem-CY-Full+Others-v16.csv,v2smforads_nr,quantitative
V-Dem-CY-Full+Others-v16.csv,v2smgovfilcap,quantitative
V-Dem-CY-Full+Others-v16.csv,v2smgovfilcap_codelow,categorical
V-Dem-CY-Full+Others-v16.csv,v2smgovfilcap_codehigh,categorical
V-Dem-CY-Full+Others-v16.csv,v2smgovfilcap_sd,quantitative
V-Dem-CY-Full+Others-v16.csv,v2smgovfilcap_osp,quantitative
V-Dem-CY-Full+Others-v16.csv,v2smgovfilcap_osp_codelow,categorical
V-Dem-CY-Full+Others-v16.csv,v2smgovfilcap_osp_codehigh,categorical
V-Dem-CY-Full+Others-v16.csv,v2smgovfilcap_osp_sd,quantitative
V-Dem-CY-Full+Others-v16.csv,v2smgovfilcap_ord,categorical
V-Dem-CY-Full+Others-v16.csv,v2smgovfilcap_ord_codelow,categorical
V-Dem-CY-Full+Others-v16.csv,v2smgovfilcap_ord_codehigh,categorical
V-Dem-CY-Full+Others-v16.csv,v2smgovfilcap_mean,quantitative
V-Dem-CY-Full+Others-v16.csv,v2smgovfilcap_nr,quantitative
V-Dem-CY-Full+Others-v16.csv,v2smgovfilprc,quantitative
V-Dem-CY-Full+Others-v16.csv,v2smgovfilprc_codelow,categorical
V-Dem-CY-Full+Others-v16.csv,v2smgovfilprc_codehigh,categorical
V-Dem-CY-Full+Others-v16.csv,v2smgovfilprc_sd,quantitative
V-Dem-CY-Full+Others-v16.csv,v2smgovfilprc_osp,quantitative
V-Dem-CY-Full+Others-v16.csv,v2smgovfilprc_osp_codelow,categorical
V-Dem-CY-Full+Others-v16.csv,v2smgovfilprc_osp_codehigh,categorical
V-Dem-CY-Full+Others-v16.csv,v2smgovfilprc_osp_sd,quantitative
V-Dem-CY-Full+Others-v16.csv,v2smgovfilprc_ord,categorical
V-Dem-CY-Full+Others-v16.csv,v2smgovfilprc_ord_codelow,categorical
V-Dem-CY-Full+Others-v16.csv,v2smgovfilprc_ord_codehigh,categorical
V-Dem-CY-Full+Others-v16.csv,v2smgovfilprc_mean,quantitative
V-Dem-CY-Full+Others-v16.csv,v2smgovfilprc_nr,quantitative
V-Dem-CY-Full+Others-v16.csv,v2smgovshutcap,quantitative
V-Dem-CY-Full+Others-v16.csv,v2smgovshutcap_codelow,categorical
V-Dem-CY-Full+Others-v16.csv,v2smgovshutcap_codehigh,categorical
V-Dem-CY-Full+Others-v16.csv,v2smgovshutcap_sd,quantitative
V-Dem-CY-Full+Others-v16.csv,v2smgovshutcap_osp,quantitative
V-Dem-CY-Full+Others-v16.csv,v2smgovshutcap_osp_codelow,categorical
V-Dem-CY-Full+Others-v16.csv,v2smgovshutcap_osp_codehigh,categorical
V-Dem-CY-Full+Others-v16.csv,v2smgovshutcap_osp_sd,quantitative
V-Dem-CY-Full+Others-v16.csv,v2smgovshutcap_ord,categorical
V-Dem-CY-Full+Others-v16.csv,v2smgovshutcap_ord_codelow,categorical
V-Dem-CY-Full+Others-v16.csv,v2smgovshutcap_ord_codehigh,categorical
V-Dem-CY-Full+Others-v16.csv,v2smgovshutcap_mean,quantitative
V-Dem-CY-Full+Others-v16.csv,v2smgovshutcap_nr,quantitative
V-Dem-CY-Full+Others-v16.csv,v2smgovshut,quantitative
V-Dem-CY-Full+Others-v16.csv,v2smgovshut_codelow,categorical
V-Dem-CY-Full+Others-v16.csv,v2smgovshut_codehigh,categorical
V-Dem-CY-Full+Others-v16.csv,v2smgovshut_sd,quantitative
V-Dem-CY-Full+Others-v16.csv,v2smgovshut_osp,quantitative
V-Dem-CY-Full+Others-v16.csv,v2smgovshut_osp_codelow,categorical
V-Dem-CY-Full+Others-v16.csv,v2smgovshut_osp_codehigh,categorical
V-Dem-CY-Full+Others-v16.csv,v2smgovshut_osp_sd,quantitative
V-Dem-CY-Full+Others-v16.csv,v2smgovshut_ord,categorical
V-Dem-CY-Full+Others-v16.csv,v2smgovshut_ord_codelow,categorical
V-Dem-CY-Full+Others-v16.csv,v2smgovshut_ord_codehigh,categorical
V-Dem-CY-Full+Others-v16.csv,v2smgovshut_mean,quantitative
V-Dem-CY-Full+Others-v16.csv,v2smgovshut_nr,quantitative
V-Dem-CY-Full+Others-v16.csv,v2smgovsm,quantitative
V-Dem-CY-Full+Others-v16.csv,v2smgovsm_codelow,categorical
V-Dem-CY-Full+Others-v16.csv,v2smgovsm_codehigh,categorical
V-Dem-CY-Full+Others-v16.csv,v2smgovsm_sd,quantitative
V-Dem-CY-Full+Others-v16.csv,v2smgovsm_osp,quantitative
V-Dem-CY-Full+Others-v16.csv,v2smgovsm_osp_codelow,categorical
V-Dem-CY-Full+Others-v16.csv,v2smgovsm_osp_codehigh,categorical
V-Dem-CY-Full+Others-v16.csv,v2smgovsm_osp_sd,quantitative
V-Dem-CY-Full+Others-v16.csv,v2smgovsm_ord,categorical
V-Dem-CY-Full+Others-v16.csv,v2smgovsm_ord_codelow,categorical
V-Dem-CY-Full+Others-v16.csv,v2smgovsm_ord_codehigh,categorical
V-Dem-CY-Full+Others-v16.csv,v2smgovsm_mean,quantitative
V-Dem-CY-Full+Others-v16.csv,v2smgovsm_nr,quantitative
V-Dem-CY-Full+Others-v16.csv,v2smgovsmalt,quantitative
V-Dem-CY-Full+Others-v16.csv,v2smgovsmalt_codelow,categorical
V-Dem-CY-Full+Others-v16.csv,v2smgovsmalt_codehigh,categorical
V-Dem-CY-Full+Others-v16.csv,v2smgovsmalt_sd,quantitative
V-Dem-CY-Full+Others-v16.csv,v2smgovsmalt_osp,quantitative
V-Dem-CY-Full+Others-v16.csv,v2smgovsmalt_osp_codelow,categorical
V-Dem-CY-Full+Others-v16.csv,v2smgovsmalt_osp_codehigh,categorical
V-Dem-CY-Full+Others-v16.csv,v2smgovsmalt_osp_sd,quantitative
V-Dem-CY-Full+Others-v16.csv,v2smgovsmalt_ord,categorical
V-Dem-CY-Full+Others-v16.csv,v2smgovsmalt_ord_codelow,categorical
V-Dem-CY-Full+Others-v16.csv,v2smgovsmalt_ord_codehigh,categorical
V-Dem-CY-Full+Others-v16.csv,v2smgovsmalt_mean,quantitative
V-Dem-CY-Full+Others-v16.csv,v2smgovsmalt_nr,quantitative
V-Dem-CY-Full+Others-v16.csv,v2smgovsmmon,quantitative
V-Dem-CY-Full+Others-v16.csv,v2smgovsmmon_codelow,categorical
V-Dem-CY-Full+Others-v16.csv,v2smgovsmmon_codehigh,categorical
V-Dem-CY-Full+Others-v16.csv,v2smgovsmmon_sd,quantitative
V-Dem-CY-Full+Others-v16.csv,v2smgovsmmon_osp,quantitative
V-Dem-CY-Full+Others-v16.csv,v2smgovsmmon_osp_codelow,categorical
V-Dem-CY-Full+Others-v16.csv,v2smgovsmmon_osp_codehigh,categorical
V-Dem-CY-Full+Others-v16.csv,v2smgovsmmon_osp_sd,quantitative
V-Dem-CY-Full+Others-v16.csv,v2smgovsmmon_ord,categorical
V-Dem-CY-Full+Others-v16.csv,v2smgovsmmon_ord_codelow,categorical
V-Dem-CY-Full+Others-v16.csv,v2smgovsmmon_ord_codehigh,categorical
V-Dem-CY-Full+Others-v16.csv,v2smgovsmmon_mean,quantitative
V-Dem-CY-Full+Others-v16.csv,v2smgovsmmon_nr,quantitative
V-Dem-CY-Full+Others-v16.csv,v2smgovsmcenprc,quantitative
V-Dem-CY-Full+Others-v16.csv,v2smgovsmcenprc_codelow,categorical
V-Dem-CY-Full+Others-v16.csv,v2smgovsmcenprc_codehigh,categorical
V-Dem-CY-Full+Others-v16.csv,v2smgovsmcenprc_sd,quantitative
V-Dem-CY-Full+Others-v16.csv,v2smgovsmcenprc_osp,quantitative
V-Dem-CY-Full+Others-v16.csv,v2smgovsmcenprc_osp_codelow,categorical
V-Dem-CY-Full+Others-v16.csv,v2smgovsmcenprc_osp_codehigh,categorical
V-Dem-CY-Full+Others-v16.csv,v2smgovsmcenprc_osp_sd,quantitative
V-Dem-CY-Full+Others-v16.csv,v2smgovsmcenprc_ord,categorical
V-Dem-CY-Full+Others-v16.csv,v2smgovsmcenprc_ord_codelow,categorical
V-Dem-CY-Full+Others-v16.csv,v2smgovsmcenprc_ord_codehigh,categorical
V-Dem-CY-Full+Others-v16.csv,v2smgovsmcenprc_mean,quantitative
V-Dem-CY-Full+Others-v16.csv,v2smgovsmcenprc_nr,quantitative
V-Dem-CY-Full+Others-v16.csv,v2smgovcapsec,quantitative
V-Dem-CY-Full+Others-v16.csv,v2smgovcapsec_codelow,categorical
V-Dem-CY-Full+Others-v16.csv,v2smgovcapsec_codehigh,categorical
V-Dem-CY-Full+Others-v16.csv,v2smgovcapsec_sd,quantitative
V-Dem-CY-Full+Others-v16.csv,v2smgovcapsec_osp,quantitative
V-Dem-CY-Full+Others-v16.csv,v2smgovcapsec_osp_codelow,categorical
V-Dem-CY-Full+Others-v16.csv,v2smgovcapsec_osp_codehigh,categorical
V-Dem-CY-Full+Others-v16.csv,v2smgovcapsec_osp_sd,quantitative
V-Dem-CY-Full+Others-v16.csv,v2smgovcapsec_ord,categorical
V-Dem-CY-Full+Others-v16.csv,v2smgovcapsec_ord_codelow,categorical
V-Dem-CY-Full+Others-v16.csv,v2smgovcapsec_ord_codehigh,categorical
V-Dem-CY-Full+Others-v16.csv,v2smgovcapsec_mean,quantitative
V-Dem-CY-Full+Others-v16.csv,v2smgovcapsec_nr,quantitative
V-Dem-CY-Full+Others-v16.csv,v2smpolcap,quantitative
V-Dem-CY-Full+Others-v16.csv,v2smpolcap_codelow,categorical
V-Dem-CY-Full+Others-v16.csv,v2smpolcap_codehigh,categorical
V-Dem-CY-Full+Others-v16.csv,v2smpolcap_sd,quantitative
V-Dem-CY-Full+Others-v16.csv,v2smpolcap_osp,quantitative
V-Dem-CY-Full+Others-v16.csv,v2smpolcap_osp_codelow,categorical
V-Dem-CY-Full+Others-v16.csv,v2smpolcap_osp_codehigh,categorical
V-Dem-CY-Full+Others-v16.csv,v2smpolcap_osp_sd,quantitative
V-Dem-CY-Full+Others-v16.csv,v2smpolcap_ord,categorical
V-Dem-CY-Full+Others-v16.csv,v2smpolcap_ord_codelow,categorical
V-Dem-CY-Full+Others-v16.csv,v2smpolcap_ord_codehigh,categorical
V-Dem-CY-Full+Others-v16.csv,v2smpolcap_mean,quantitative
V-Dem-CY-Full+Others-v16.csv,v2smpolcap_nr,quantitative
V-Dem-CY-Full+Others-v16.csv,v2smregcon,quantitative
V-Dem-CY-Full+Others-v16.csv,v2smregcon_codelow,categorical
V-Dem-CY-Full+Others-v16.csv,v2smregcon_codehigh,categorical
V-Dem-CY-Full+Others-v16.csv,v2smregcon_sd,quantitative
V-Dem-CY-Full+Others-v16.csv,v2smregcon_osp,quantitative
V-Dem-CY-Full+Others-v16.csv,v2smregcon_osp_codelow,categorical
V-Dem-CY-Full+Others-v16.csv,v2smregcon_osp_codehigh,categorical
V-Dem-CY-Full+Others-v16.csv,v2smregcon_osp_sd,quantitative
V-Dem-CY-Full+Others-v16.csv,v2smregcon_ord,categorical
V-Dem-CY-Full+Others-v16.csv,v2smregcon_ord_codelow,categorical
V-Dem-CY-Full+Others-v16.csv,v2smregcon_ord_codehigh,categorical
V-Dem-CY-Full+Others-v16.csv,v2smregcon_mean,quantitative
V-Dem-CY-Full+Others-v16.csv,v2smregcon_nr,quantitative
V-Dem-CY-Full+Others-v16.csv,v2smprivex,quantitative
V-Dem-CY-Full+Others-v16.csv,v2smprivex_codelow,categorical
V-Dem-CY-Full+Others-v16.csv,v2smprivex_codehigh,categorical
V-Dem-CY-Full+Others-v16.csv,v2smprivex_sd,quantitative
V-Dem-CY-Full+Others-v16.csv,v2smprivex_osp,quantitative
V-Dem-CY-Full+Others-v16.csv,v2smprivex_osp_codelow,categorical
V-Dem-CY-Full+Others-v16.csv,v2smprivex_osp_codehigh,categorical
V-Dem-CY-Full+Others-v16.csv,v2smprivex_osp_sd,quantitative
V-Dem-CY-Full+Others-v16.csv,v2smprivex_ord,categorical
V-Dem-CY-Full+Others-v16.csv,v2smprivex_ord_codelow,categorical
V-Dem-CY-Full+Others-v16.csv,v2smprivex_ord_codehigh,categorical
V-Dem-CY-Full+Others-v16.csv,v2smprivex_mean,quantitative
V-Dem-CY-Full+Others-v16.csv,v2smprivex_nr,quantitative
V-Dem-CY-Full+Others-v16.csv,v2smprivcon,quantitative
V-Dem-CY-Full+Others-v16.csv,v2smprivcon_codelow,categorical
V-Dem-CY-Full+Others-v16.csv,v2smprivcon_codehigh,categorical
V-Dem-CY-Full+Others-v16.csv,v2smprivcon_sd,quantitative
V-Dem-CY-Full+Others-v16.csv,v2smprivcon_osp,quantitative
V-Dem-CY-Full+Others-v16.csv,v2smprivcon_osp_codelow,categorical
V-Dem-CY-Full+Others-v16.csv,v2smprivcon_osp_codehigh,categorical
V-Dem-CY-Full+Others-v16.csv,v2smprivcon_osp_sd,quantitative
V-Dem-CY-Full+Others-v16.csv,v2smprivcon_ord,categorical
V-Dem-CY-Full+Others-v16.csv,v2smprivcon_ord_codelow,categorical
V-Dem-CY-Full+Others-v16.csv,v2smprivcon_ord_codehigh,categorical
V-Dem-CY-Full+Others-v16.csv,v2smprivcon_mean,quantitative
V-Dem-CY-Full+Others-v16.csv,v2smprivcon_nr,quantitative
V-Dem-CY-Full+Others-v16.csv,v2smregcap,quantitative
V-Dem-CY-Full+Others-v16.csv,v2smregcap_codelow,categorical
V-Dem-CY-Full+Others-v16.csv,v2smregcap_codehigh,categorical
V-Dem-CY-Full+Others-v16.csv,v2smregcap_sd,quantitative
V-Dem-CY-Full+Others-v16.csv,v2smregcap_osp,quantitative
V-Dem-CY-Full+Others-v16.csv,v2smregcap_osp_codelow,categorical
V-Dem-CY-Full+Others-v16.csv,v2smregcap_osp_codehigh,categorical
V-Dem-CY-Full+Others-v16.csv,v2smregcap_osp_sd,quantitative
V-Dem-CY-Full+Others-v16.csv,v2smregcap_ord,categorical
V-Dem-CY-Full+Others-v16.csv,v2smregcap_ord_codelow,categorical
V-Dem-CY-Full+Others-v16.csv,v2smregcap_ord_codehigh,categorical
V-Dem-CY-Full+Others-v16.csv,v2smregcap_mean,quantitative
V-Dem-CY-Full+Others-v16.csv,v2smregcap_nr,quantitative
V-Dem-CY-Full+Others-v16.csv,v2smregapp,quantitative
V-Dem-CY-Full+Others-v16.csv,v2smregapp_codelow,categorical
V-Dem-CY-Full+Others-v16.csv,v2smregapp_codehigh,categorical
V-Dem-CY-Full+Others-v16.csv,v2smregapp_sd,quantitative
V-Dem-CY-Full+Others-v16.csv,v2smregapp_osp,quantitative
V-Dem-CY-Full+Others-v16.csv,v2smregapp_osp_codelow,categorical
V-Dem-CY-Full+Others-v16.csv,v2smregapp_osp_codehigh,categorical
V-Dem-CY-Full+Others-v16.csv,v2smregapp_osp_sd,quantitative
V-Dem-CY-Full+Others-v16.csv,v2smregapp_ord,categorical
V-Dem-CY-Full+Others-v16.csv,v2smregapp_ord_codelow,categorical
V-Dem-CY-Full+Others-v16.csv,v2smregapp_ord_codehigh,categorical
V-Dem-CY-Full+Others-v16.csv,v2smregapp_mean,quantitative
V-Dem-CY-Full+Others-v16.csv,v2smregapp_nr,quantitative
V-Dem-CY-Full+Others-v16.csv,v2smlawpr,quantitative
V-Dem-CY-Full+Others-v16.csv,v2smlawpr_codelow,categorical
V-Dem-CY-Full+Others-v16.csv,v2smlawpr_codehigh,categorical
V-Dem-CY-Full+Others-v16.csv,v2smlawpr_sd,quantitative
V-Dem-CY-Full+Others-v16.csv,v2smlawpr_osp,quantitative
V-Dem-CY-Full+Others-v16.csv,v2smlawpr_osp_codelow,categorical
V-Dem-CY-Full+Others-v16.csv,v2smlawpr_osp_codehigh,categorical
V-Dem-CY-Full+Others-v16.csv,v2smlawpr_osp_sd,quantitative
V-Dem-CY-Full+Others-v16.csv,v2smlawpr_ord,categorical
V-Dem-CY-Full+Others-v16.csv,v2smlawpr_ord_codelow,categorical
V-Dem-CY-Full+Others-v16.csv,v2smlawpr_ord_codehigh,categorical
V-Dem-CY-Full+Others-v16.csv,v2smlawpr_mean,quantitative
V-Dem-CY-Full+Others-v16.csv,v2smlawpr_nr,quantitative
V-Dem-CY-Full+Others-v16.csv,v2smdefabu,quantitative
V-Dem-CY-Full+Others-v16.csv,v2smdefabu_codelow,categorical
V-Dem-CY-Full+Others-v16.csv,v2smdefabu_codehigh,categorical
V-Dem-CY-Full+Others-v16.csv,v2smdefabu_sd,quantitative
V-Dem-CY-Full+Others-v16.csv,v2smdefabu_osp,quantitative
V-Dem-CY-Full+Others-v16.csv,v2smdefabu_osp_codelow,categorical
V-Dem-CY-Full+Others-v16.csv,v2smdefabu_osp_codehigh,categorical
V-Dem-CY-Full+Others-v16.csv,v2smdefabu_osp_sd,quantitative
V-Dem-CY-Full+Others-v16.csv,v2smdefabu_ord,categorical
V-Dem-CY-Full+Others-v16.csv,v2smdefabu_ord_codelow,categorical
V-Dem-CY-Full+Others-v16.csv,v2smdefabu_ord_codehigh,categorical
V-Dem-CY-Full+Others-v16.csv,v2smdefabu_mean,quantitative
V-Dem-CY-Full+Others-v16.csv,v2smdefabu_nr,quantitative
V-Dem-CY-Full+Others-v16.csv,v2smonex,quantitative
V-Dem-CY-Full+Others-v16.csv,v2smonex_codelow,categorical
V-Dem-CY-Full+Others-v16.csv,v2smonex_codehigh,categorical
V-Dem-CY-Full+Others-v16.csv,v2smonex_sd,quantitative
V-Dem-CY-Full+Others-v16.csv,v2smonex_osp,quantitative
V-Dem-CY-Full+Others-v16.csv,v2smonex_osp_codelow,categorical
V-Dem-CY-Full+Others-v16.csv,v2smonex_osp_codehigh,categorical
V-Dem-CY-Full+Others-v16.csv,v2smonex_osp_sd,quantitative
V-Dem-CY-Full+Others-v16.csv,v2smonex_ord,categorical
V-Dem-CY-Full+Others-v16.csv,v2smonex_ord_codelow,categorical
V-Dem-CY-Full+Others-v16.csv,v2smonex_ord_codehigh,categorical
V-Dem-CY-Full+Others-v16.csv,v2smonex_mean,quantitative
V-Dem-CY-Full+Others-v16.csv,v2smonex_nr,quantitative
V-Dem-CY-Full+Others-v16.csv,v2smonper,quantitative
V-Dem-CY-Full+Others-v16.csv,v2smonper_codelow,categorical
V-Dem-CY-Full+Others-v16.csv,v2smonper_codehigh,categorical
V-Dem-CY-Full+Others-v16.csv,v2smonper_sd,quantitative
V-Dem-CY-Full+Others-v16.csv,v2smonper_osp,quantitative
V-Dem-CY-Full+Others-v16.csv,v2smonper_osp_codelow,categorical
V-Dem-CY-Full+Others-v16.csv,v2smonper_osp_codehigh,categorical
V-Dem-CY-Full+Others-v16.csv,v2smonper_osp_sd,quantitative
V-Dem-CY-Full+Others-v16.csv,v2smonper_ord,categorical
V-Dem-CY-Full+Others-v16.csv,v2smonper_ord_codelow,categorical
V-Dem-CY-Full+Others-v16.csv,v2smonper_ord_codehigh,categorical
V-Dem-CY-Full+Others-v16.csv,v2smonper_mean,quantitative
V-Dem-CY-Full+Others-v16.csv,v2smonper_nr,quantitative
V-Dem-CY-Full+Others-v16.csv,v2smmefra,quantitative
V-Dem-CY-Full+Others-v16.csv,v2smmefra_codelow,categorical
V-Dem-CY-Full+Others-v16.csv,v2smmefra_codehigh,categorical
V-Dem-CY-Full+Others-v16.csv,v2smmefra_sd,quantitative
V-Dem-CY-Full+Others-v16.csv,v2smmefra_osp,quantitative
V-Dem-CY-Full+Others-v16.csv,v2smmefra_osp_codelow,categorical
V-Dem-CY-Full+Others-v16.csv,v2smmefra_osp_codehigh,categorical
V-Dem-CY-Full+Others-v16.csv,v2smmefra_osp_sd,quantitative
V-Dem-CY-Full+Others-v16.csv,v2smmefra_ord,categorical
V-Dem-CY-Full+Others-v16.csv,v2smmefra_ord_codelow,categorical
V-Dem-CY-Full+Others-v16.csv,v2smmefra_ord_codehigh,categorical
V-Dem-CY-Full+Others-v16.csv,v2smmefra_mean,quantitative
V-Dem-CY-Full+Others-v16.csv,v2smmefra_nr,quantitative
V-Dem-CY-Full+Others-v16.csv,v2smorgviol,quantitative
V-Dem-CY-Full+Others-v16.csv,v2smorgviol_codelow,categorical
V-Dem-CY-Full+Others-v16.csv,v2smorgviol_codehigh,categorical
V-Dem-CY-Full+Others-v16.csv,v2smorgviol_sd,quantitative
V-Dem-CY-Full+Others-v16.csv,v2smorgviol_osp,quantitative
V-Dem-CY-Full+Others-v16.csv,v2smorgviol_osp_codelow,categorical
V-Dem-CY-Full+Others-v16.csv,v2smorgviol_osp_codehigh,categorical
V-Dem-CY-Full+Others-v16.csv,v2smorgviol_osp_sd,quantitative
V-Dem-CY-Full+Others-v16.csv,v2smorgviol_ord,categorical
V-Dem-CY-Full+Others-v16.csv,v2smorgviol_ord_codelow,categorical
V-Dem-CY-Full+Others-v16.csv,v2smorgviol_ord_codehigh,categorical
V-Dem-CY-Full+Others-v16.csv,v2smorgviol_mean,quantitative
V-Dem-CY-Full+Others-v16.csv,v2smorgviol_nr,quantitative
V-Dem-CY-Full+Others-v16.csv,v2smorgavgact,quantitative
V-Dem-CY-Full+Others-v16.csv,v2smorgavgact_codelow,categorical
V-Dem-CY-Full+Others-v16.csv,v2smorgavgact_codehigh,categorical
V-Dem-CY-Full+Others-v16.csv,v2smorgavgact_sd,quantitative
V-Dem-CY-Full+Others-v16.csv,v2smorgavgact_osp,quantitative
V-Dem-CY-Full+Others-v16.csv,v2smorgavgact_osp_codelow,categorical
V-Dem-CY-Full+Others-v16.csv,v2smorgavgact_osp_codehigh,categorical
V-Dem-CY-Full+Others-v16.csv,v2smorgavgact_osp_sd,quantitative
V-Dem-CY-Full+Others-v16.csv,v2smorgavgact_ord,categorical
V-Dem-CY-Full+Others-v16.csv,v2smorgavgact_ord_codelow,categorical
V-Dem-CY-Full+Others-v16.csv,v2smorgavgact_ord_codehigh,categorical
V-Dem-CY-Full+Others-v16.csv,v2smorgavgact_mean,quantitative
V-Dem-CY-Full+Others-v16.csv,v2smorgavgact_nr,quantitative
V-Dem-CY-Full+Others-v16.csv,v2smorgelitact,quantitative
V-Dem-CY-Full+Others-v16.csv,v2smorgelitact_codelow,categorical
V-Dem-CY-Full+Others-v16.csv,v2smorgelitact_codehigh,categorical
V-Dem-CY-Full+Others-v16.csv,v2smorgelitact_sd,quantitative
V-Dem-CY-Full+Others-v16.csv,v2smorgelitact_osp,quantitative
V-Dem-CY-Full+Others-v16.csv,v2smorgelitact_osp_codelow,categorical
V-Dem-CY-Full+Others-v16.csv,v2smorgelitact_osp_codehigh,categorical
V-Dem-CY-Full+Others-v16.csv,v2smorgelitact_osp_sd,quantitative
V-Dem-CY-Full+Others-v16.csv,v2smorgelitact_ord,categorical
V-Dem-CY-Full+Others-v16.csv,v2smorgelitact_ord_codelow,categorical
V-Dem-CY-Full+Others-v16.csv,v2smorgelitact_ord_codehigh,categorical
V-Dem-CY-Full+Others-v16.csv,v2smorgelitact_mean,quantitative
V-Dem-CY-Full+Others-v16.csv,v2smorgelitact_nr,quantitative
V-Dem-CY-Full+Others-v16.csv,v2smcamp,quantitative
V-Dem-CY-Full+Others-v16.csv,v2smcamp_codelow,categorical
V-Dem-CY-Full+Others-v16.csv,v2smcamp_codehigh,categorical
V-Dem-CY-Full+Others-v16.csv,v2smcamp_sd,quantitative
V-Dem-CY-Full+Others-v16.csv,v2smcamp_osp,quantitative
V-Dem-CY-Full+Others-v16.csv,v2smcamp_osp_codelow,categorical
V-Dem-CY-Full+Others-v16.csv,v2smcamp_osp_codehigh,categorical
V-Dem-CY-Full+Others-v16.csv,v2smcamp_osp_sd,quantitative
V-Dem-CY-Full+Others-v16.csv,v2smcamp_ord,categorical
V-Dem-CY-Full+Others-v16.csv,v2smcamp_ord_codelow,categorical
V-Dem-CY-Full+Others-v16.csv,v2smcamp_ord_codehigh,categorical
V-Dem-CY-Full+Others-v16.csv,v2smcamp_mean,quantitative
V-Dem-CY-Full+Others-v16.csv,v2smcamp_nr,quantitative
V-Dem-CY-Full+Others-v16.csv,v2smarrest,quantitative
V-Dem-CY-Full+Others-v16.csv,v2smarrest_codelow,categorical
V-Dem-CY-Full+Others-v16.csv,v2smarrest_codehigh,categorical
V-Dem-CY-Full+Others-v16.csv,v2smarrest_sd,quantitative
V-Dem-CY-Full+Others-v16.csv,v2smarrest_osp,quantitative
V-Dem-CY-Full+Others-v16.csv,v2smarrest_osp_codelow,categorical
V-Dem-CY-Full+Others-v16.csv,v2smarrest_osp_codehigh,categorical
V-Dem-CY-Full+Others-v16.csv,v2smarrest_osp_sd,quantitative
V-Dem-CY-Full+Others-v16.csv,v2smarrest_ord,categorical
V-Dem-CY-Full+Others-v16.csv,v2smarrest_ord_codelow,categorical
V-Dem-CY-Full+Others-v16.csv,v2smarrest_ord_codehigh,categorical
V-Dem-CY-Full+Others-v16.csv,v2smarrest_mean,quantitative
V-Dem-CY-Full+Others-v16.csv,v2smarrest_nr,quantitative
V-Dem-CY-Full+Others-v16.csv,v2smpolsoc,quantitative
V-Dem-CY-Full+Others-v16.csv,v2smpolsoc_codelow,categorical
V-Dem-CY-Full+Others-v16.csv,v2smpolsoc_codehigh,categorical
V-Dem-CY-Full+Others-v16.csv,v2smpolsoc_sd,quantitative
V-Dem-CY-Full+Others-v16.csv,v2smpolsoc_osp,quantitative
V-Dem-CY-Full+Others-v16.csv,v2smpolsoc_osp_codelow,categorical
V-Dem-CY-Full+Others-v16.csv,v2smpolsoc_osp_codehigh,categorical
V-Dem-CY-Full+Others-v16.csv,v2smpolsoc_osp_sd,quantitative
V-Dem-CY-Full+Others-v16.csv,v2smpolsoc_ord,categorical
V-Dem-CY-Full+Others-v16.csv,v2smpolsoc_ord_codelow,categorical
V-Dem-CY-Full+Others-v16.csv,v2smpolsoc_ord_codehigh,categorical
V-Dem-CY-Full+Others-v16.csv,v2smpolsoc_mean,quantitative
V-Dem-CY-Full+Others-v16.csv,v2smpolsoc_nr,quantitative
V-Dem-CY-Full+Others-v16.csv,v2smpolhate,quantitative
V-Dem-CY-Full+Others-v16.csv,v2smpolhate_codelow,categorical
V-Dem-CY-Full+Others-v16.csv,v2smpolhate_codehigh,categorical
V-Dem-CY-Full+Others-v16.csv,v2smpolhate_sd,quantitative
V-Dem-CY-Full+Others-v16.csv,v2smpolhate_osp,quantitative
V-Dem-CY-Full+Others-v16.csv,v2smpolhate_osp_codelow,categorical
V-Dem-CY-Full+Others-v16.csv,v2smpolhate_osp_codehigh,categorical
V-Dem-CY-Full+Others-v16.csv,v2smpolhate_osp_sd,quantitative
V-Dem-CY-Full+Others-v16.csv,v2smpolhate_ord,categorical
V-Dem-CY-Full+Others-v16.csv,v2smpolhate_ord_codelow,categorical
V-Dem-CY-Full+Others-v16.csv,v2smpolhate_ord_codehigh,categorical
V-Dem-CY-Full+Others-v16.csv,v2smpolhate_mean,quantitative
V-Dem-CY-Full+Others-v16.csv,v2smpolhate_nr,quantitative
V-Dem-CY-Full+Others-v16.csv,v2smhargr_0,quantitative
V-Dem-CY-Full+Others-v16.csv,v2smhargr_1,quantitative
V-Dem-CY-Full+Others-v16.csv,v2smhargr_2,quantitative
V-Dem-CY-Full+Others-v16.csv,v2smhargr_3,quantitative
V-Dem-CY-Full+Others-v16.csv,v2smhargr_4,quantitative
V-Dem-CY-Full+Others-v16.csv,v2smhargr_5,quantitative
V-Dem-CY-Full+Others-v16.csv,v2smhargr_6,quantitative
V-Dem-CY-Full+Others-v16.csv,v2smhargr_7,quantitative
V-Dem-CY-Full+Others-v16.csv,v2smhargr_8,quantitative
V-Dem-CY-Full+Others-v16.csv,v2smhargr_9,quantitative
V-Dem-CY-Full+Others-v16.csv,v2smhargr_10,quantitative
V-Dem-CY-Full+Others-v16.csv,v2smhargr_nr,quantitative
V-Dem-CY-Full+Others-v16.csv,v2smorgtypes_0,categorical
V-Dem-CY-Full+Others-v16.csv,v2smorgtypes_1,categorical
V-Dem-CY-Full+Others-v16.csv,v2smorgtypes_2,categorical
V-Dem-CY-Full+Others-v16.csv,v2smorgtypes_3,categorical
V-Dem-CY-Full+Others-v16.csv,v2smorgtypes_4,categorical
V-Dem-CY-Full+Others-v16.csv,v2smorgtypes_5,categorical
V-Dem-CY-Full+Others-v16.csv,v2smorgtypes_6,categorical
V-Dem-CY-Full+Others-v16.csv,v2smorgtypes_7,categorical
V-Dem-CY-Full+Others-v16.csv,v2smorgtypes_8,categorical
V-Dem-CY-Full+Others-v16.csv,v2smorgtypes_9,categorical
V-Dem-CY-Full+Others-v16.csv,v2smorgtypes_nr,categorical
V-Dem-CY-Full+Others-v16.csv,v2xed_ed_inpt,quantitative
V-Dem-CY-Full+Others-v16.csv,v2xed_ed_inpt_codelow,categorical
V-Dem-CY-Full+Others-v16.csv,v2xed_ed_inpt_codehigh,categorical
V-Dem-CY-Full+Others-v16.csv,v2xed_ed_inpt_sd,quantitative
V-Dem-CY-Full+Others-v16.csv,v2xed_ed_poed,quantitative
V-Dem-CY-Full+Others-v16.csv,v2xed_ed_poed_codelow,categorical
V-Dem-CY-Full+Others-v16.csv,v2xed_ed_poed_codehigh,categorical
V-Dem-CY-Full+Others-v16.csv,v2xed_ed_poed_sd,quantitative
V-Dem-CY-Full+Others-v16.csv,v2xed_ed_inco,quantitative
V-Dem-CY-Full+Others-v16.csv,v2xed_ed_inco_codelow,categorical
V-Dem-CY-Full+Others-v16.csv,v2xed_ed_inco_codehigh,categorical
V-Dem-CY-Full+Others-v16.csv,v2xed_ed_inco_sd,quantitative
V-Dem-CY-Full+Others-v16.csv,v2xed_ed_cent,quantitative
V-Dem-CY-Full+Others-v16.csv,v2xed_ed_cent_codelow,categorical
V-Dem-CY-Full+Others-v16.csv,v2xed_ed_cent_codehigh,categorical
V-Dem-CY-Full+Others-v16.csv,v2xed_ed_cent_sd,quantitative
V-Dem-CY-Full+Others-v16.csv,v2xed_ed_ctag,quantitative
V-Dem-CY-Full+Others-v16.csv,v2xed_ed_ctag_codelow,categorical
V-Dem-CY-Full+Others-v16.csv,v2xed_ed_ctag_codehigh,categorical
V-Dem-CY-Full+Others-v16.csv,v2xed_ed_ctag_sd,quantitative
V-Dem-CY-Full+Others-v16.csv,v2xed_ed_con,quantitative
V-Dem-CY-Full+Others-v16.csv,v2xed_ed_con_codelow,categorical
V-Dem-CY-Full+Others-v16.csv,v2xed_ed_con_codehigh,categorical
V-Dem-CY-Full+Others-v16.csv,v2xed_ed_con_sd,quantitative
V-Dem-CY-Full+Others-v16.csv,v2xed_ed_dmcon,quantitative
V-Dem-CY-Full+Others-v16.csv,v2xed_ed_dmcon_codelow,categorical
V-Dem-CY-Full+Others-v16.csv,v2xed_ed_dmcon_codehigh,categorical
V-Dem-CY-Full+Others-v16.csv,v2xed_ed_dmcon_sd,quantitative
V-Dem-CY-Full+Others-v16.csv,v2xed_ed_ptcon,quantitative
V-Dem-CY-Full+Others-v16.csv,v2xed_ed_ptcon_codelow,categorical
V-Dem-CY-Full+Others-v16.csv,v2xed_ed_ptcon_codehigh,categorical
V-Dem-CY-Full+Others-v16.csv,v2xed_ed_ptcon_sd,quantitative
V-Dem-CY-Full+Others-v16.csv,v2xed_ptcon,quantitative
V-Dem-CY-Full+Others-v16.csv,v2xed_ptcon_codelow,categorical
V-Dem-CY-Full+Others-v16.csv,v2xed_ptcon_codehigh,categorical
V-Dem-CY-Full+Others-v16.csv,v2xed_ptcon_sd,quantitative
V-Dem-CY-Full+Others-v16.csv,v2xedvd_inpt,quantitative
V-Dem-CY-Full+Others-v16.csv,v2xedvd_inpt_codelow,categorical
V-Dem-CY-Full+Others-v16.csv,v2xedvd_inpt_codehigh,categorical
V-Dem-CY-Full+Others-v16.csv,v2xedvd_inpt_sd,quantitative
V-Dem-CY-Full+Others-v16.csv,v2xedvd_me_inco,quantitative
V-Dem-CY-Full+Others-v16.csv,v2xedvd_me_inco_codelow,categorical
V-Dem-CY-Full+Others-v16.csv,v2xedvd_me_inco_codehigh,categorical
V-Dem-CY-Full+Others-v16.csv,v2xedvd_me_inco_sd,quantitative
V-Dem-CY-Full+Others-v16.csv,v2xedvd_me_cent,quantitative
V-Dem-CY-Full+Others-v16.csv,v2xedvd_me_cent_codelow,categorical
V-Dem-CY-Full+Others-v16.csv,v2xedvd_me_cent_codehigh,categorical
V-Dem-CY-Full+Others-v16.csv,v2xedvd_me_cent_sd,quantitative
V-Dem-CY-Full+Others-v16.csv,v2xedvd_me_ctag,quantitative
V-Dem-CY-Full+Others-v16.csv,v2xedvd_me_ctag_codelow,categorical
V-Dem-CY-Full+Others-v16.csv,v2xedvd_me_ctag_codehigh,categorical
V-Dem-CY-Full+Others-v16.csv,v2xedvd_me_ctag_sd,quantitative
V-Dem-CY-Full+Others-v16.csv,v2edcentcurrlm,quantitative
V-Dem-CY-Full+Others-v16.csv,v2edcentcurrlm_codelow,categorical
V-Dem-CY-Full+Others-v16.csv,v2edcentcurrlm_codehigh,categorical
V-Dem-CY-Full+Others-v16.csv,v2edcentcurrlm_sd,quantitative
V-Dem-CY-Full+Others-v16.csv,v2edcentcurrlm_osp,quantitative
V-Dem-CY-Full+Others-v16.csv,v2edcentcurrlm_osp_codelow,categorical
V-Dem-CY-Full+Others-v16.csv,v2edcentcurrlm_osp_codehigh,categorical
V-Dem-CY-Full+Others-v16.csv,v2edcentcurrlm_osp_sd,quantitative
V-Dem-CY-Full+Others-v16.csv,v2edcentcurrlm_ord,categorical
V-Dem-CY-Full+Others-v16.csv,v2edcentcurrlm_ord_codelow,categorical
V-Dem-CY-Full+Others-v16.csv,v2edcentcurrlm_ord_codehigh,categorical
V-Dem-CY-Full+Others-v16.csv,v2edcentcurrlm_mean,quantitative
V-Dem-CY-Full+Others-v16.csv,v2edcentcurrlm_nr,quantitative
V-Dem-CY-Full+Others-v16.csv,v2edcenttxbooks,quantitative
V-Dem-CY-Full+Others-v16.csv,v2edcenttxbooks_codelow,categorical
V-Dem-CY-Full+Others-v16.csv,v2edcenttxbooks_codehigh,categorical
V-Dem-CY-Full+Others-v16.csv,v2edcenttxbooks_sd,quantitative
V-Dem-CY-Full+Others-v16.csv,v2edcenttxbooks_osp,quantitative
V-Dem-CY-Full+Others-v16.csv,v2edcenttxbooks_osp_codelow,categorical
V-Dem-CY-Full+Others-v16.csv,v2edcenttxbooks_osp_codehigh,categorical
V-Dem-CY-Full+Others-v16.csv,v2edcenttxbooks_osp_sd,quantitative
V-Dem-CY-Full+Others-v16.csv,v2edcenttxbooks_ord,categorical
V-Dem-CY-Full+Others-v16.csv,v2edcenttxbooks_ord_codelow,categorical
V-Dem-CY-Full+Others-v16.csv,v2edcenttxbooks_ord_codehigh,categorical
V-Dem-CY-Full+Others-v16.csv,v2edcenttxbooks_mean,quantitative
V-Dem-CY-Full+Others-v16.csv,v2edcenttxbooks_nr,quantitative
V-Dem-CY-Full+Others-v16.csv,v2edpoledprim,quantitative
V-Dem-CY-Full+Others-v16.csv,v2edpoledprim_codelow,categorical
V-Dem-CY-Full+Others-v16.csv,v2edpoledprim_codehigh,categorical
V-Dem-CY-Full+Others-v16.csv,v2edpoledprim_sd,quantitative
V-Dem-CY-Full+Others-v16.csv,v2edpoledprim_osp,quantitative
V-Dem-CY-Full+Others-v16.csv,v2edpoledprim_osp_codelow,categorical
V-Dem-CY-Full+Others-v16.csv,v2edpoledprim_osp_codehigh,categorical
V-Dem-CY-Full+Others-v16.csv,v2edpoledprim_osp_sd,quantitative
V-Dem-CY-Full+Others-v16.csv,v2edpoledprim_ord,categorical
V-Dem-CY-Full+Others-v16.csv,v2edpoledprim_ord_codelow,categorical
V-Dem-CY-Full+Others-v16.csv,v2edpoledprim_ord_codehigh,categorical
V-Dem-CY-Full+Others-v16.csv,v2edpoledprim_mean,quantitative
V-Dem-CY-Full+Others-v16.csv,v2edpoledprim_nr,quantitative
V-Dem-CY-Full+Others-v16.csv,v2edpoledsec,quantitative
V-Dem-CY-Full+Others-v16.csv,v2edpoledsec_codelow,categorical
V-Dem-CY-Full+Others-v16.csv,v2edpoledsec_codehigh,categorical
V-Dem-CY-Full+Others-v16.csv,v2edpoledsec_sd,quantitative
V-Dem-CY-Full+Others-v16.csv,v2edpoledsec_osp,quantitative
V-Dem-CY-Full+Others-v16.csv,v2edpoledsec_osp_codelow,categorical
V-Dem-CY-Full+Others-v16.csv,v2edpoledsec_osp_codehigh,categorical
V-Dem-CY-Full+Others-v16.csv,v2edpoledsec_osp_sd,quantitative
V-Dem-CY-Full+Others-v16.csv,v2edpoledsec_ord,categorical
V-Dem-CY-Full+Others-v16.csv,v2edpoledsec_ord_codelow,categorical
V-Dem-CY-Full+Others-v16.csv,v2edpoledsec_ord_codehigh,categorical
V-Dem-CY-Full+Others-v16.csv,v2edpoledsec_mean,quantitative
V-Dem-CY-Full+Others-v16.csv,v2edpoledsec_nr,quantitative
V-Dem-CY-Full+Others-v16.csv,v2edpoledrights,quantitative
V-Dem-CY-Full+Others-v16.csv,v2edpoledrights_codelow,categorical
V-Dem-CY-Full+Others-v16.csv,v2edpoledrights_codehigh,categorical
V-Dem-CY-Full+Others-v16.csv,v2edpoledrights_sd,quantitative
V-Dem-CY-Full+Others-v16.csv,v2edpoledrights_osp,quantitative
V-Dem-CY-Full+Others-v16.csv,v2edpoledrights_osp_codelow,categorical
V-Dem-CY-Full+Others-v16.csv,v2edpoledrights_osp_codehigh,categorical
V-Dem-CY-Full+Others-v16.csv,v2edpoledrights_osp_sd,quantitative
V-Dem-CY-Full+Others-v16.csv,v2edpoledrights_ord,categorical
V-Dem-CY-Full+Others-v16.csv,v2edpoledrights_ord_codelow,categorical
V-Dem-CY-Full+Others-v16.csv,v2edpoledrights_ord_codehigh,categorical
V-Dem-CY-Full+Others-v16.csv,v2edpoledrights_mean,quantitative
V-Dem-CY-Full+Others-v16.csv,v2edpoledrights_nr,quantitative
V-Dem-CY-Full+Others-v16.csv,v2edpatriot,quantitative
V-Dem-CY-Full+Others-v16.csv,v2edpatriot_codelow,categorical
V-Dem-CY-Full+Others-v16.csv,v2edpatriot_codehigh,categorical
V-Dem-CY-Full+Others-v16.csv,v2edpatriot_sd,quantitative
V-Dem-CY-Full+Others-v16.csv,v2edpatriot_osp,quantitative
V-Dem-CY-Full+Others-v16.csv,v2edpatriot_osp_codelow,categorical
V-Dem-CY-Full+Others-v16.csv,v2edpatriot_osp_codehigh,categorical
V-Dem-CY-Full+Others-v16.csv,v2edpatriot_osp_sd,quantitative
V-Dem-CY-Full+Others-v16.csv,v2edpatriot_ord,categorical
V-Dem-CY-Full+Others-v16.csv,v2edpatriot_ord_codelow,categorical
V-Dem-CY-Full+Others-v16.csv,v2edpatriot_ord_codehigh,categorical
V-Dem-CY-Full+Others-v16.csv,v2edpatriot_mean,quantitative
V-Dem-CY-Full+Others-v16.csv,v2edpatriot_nr,quantitative
V-Dem-CY-Full+Others-v16.csv,v2edideol,categorical
V-Dem-CY-Full+Others-v16.csv,v2edideol_codelow,categorical
V-Dem-CY-Full+Others-v16.csv,v2edideol_codehigh,categorical
V-Dem-CY-Full+Others-v16.csv,v2edideol_sd,categorical
V-Dem-CY-Full+Others-v16.csv,v2edideol_osp,categorical
V-Dem-CY-Full+Others-v16.csv,v2edideol_osp_codelow,categorical
V-Dem-CY-Full+Others-v16.csv,v2edideol_osp_codehigh,categorical
V-Dem-CY-Full+Others-v16.csv,v2edideol_osp_sd,categorical
V-Dem-CY-Full+Others-v16.csv,v2edideol_ord,categorical
V-Dem-CY-Full+Others-v16.csv,v2edideol_ord_codelow,categorical
V-Dem-CY-Full+Others-v16.csv,v2edideol_ord_codehigh,categorical
V-Dem-CY-Full+Others-v16.csv,v2edideol_mean,categorical
V-Dem-CY-Full+Others-v16.csv,v2edideol_nr,categorical
V-Dem-CY-Full+Others-v16.csv,v2edideolch_rec,categorical
V-Dem-CY-Full+Others-v16.csv,v2edideolch_rec_codelow,categorical
V-Dem-CY-Full+Others-v16.csv,v2edideolch_rec_codehigh,categorical
V-Dem-CY-Full+Others-v16.csv,v2edideolch_rec_sd,categorical
V-Dem-CY-Full+Others-v16.csv,v2edideolch_rec_osp,categorical
V-Dem-CY-Full+Others-v16.csv,v2edideolch_rec_osp_codelow,categorical
V-Dem-CY-Full+Others-v16.csv,v2edideolch_rec_osp_codehigh,categorical
V-Dem-CY-Full+Others-v16.csv,v2edideolch_rec_osp_sd,categorical
V-Dem-CY-Full+Others-v16.csv,v2edideolch_rec_ord,categorical
V-Dem-CY-Full+Others-v16.csv,v2edideolch_rec_ord_codelow,categorical
V-Dem-CY-Full+Others-v16.csv,v2edideolch_rec_ord_codehigh,categorical
V-Dem-CY-Full+Others-v16.csv,v2edideolch_rec_mean,categorical
V-Dem-CY-Full+Others-v16.csv,v2edideolch_rec_nr,categorical
V-Dem-CY-Full+Others-v16.csv,v2edplural,quantitative
V-Dem-CY-Full+Others-v16.csv,v2edplural_codelow,categorical
V-Dem-CY-Full+Others-v16.csv,v2edplural_codehigh,categorical
V-Dem-CY-Full+Others-v16.csv,v2edplural_sd,quantitative
V-Dem-CY-Full+Others-v16.csv,v2edplural_osp,quantitative
V-Dem-CY-Full+Others-v16.csv,v2edplural_osp_codelow,categorical
V-Dem-CY-Full+Others-v16.csv,v2edplural_osp_codehigh,categorical
V-Dem-CY-Full+Others-v16.csv,v2edplural_osp_sd,quantitative
V-Dem-CY-Full+Others-v16.csv,v2edplural_ord,categorical
V-Dem-CY-Full+Others-v16.csv,v2edplural_ord_codelow,categorical
V-Dem-CY-Full+Others-v16.csv,v2edplural_ord_codehigh,categorical
V-Dem-CY-Full+Others-v16.csv,v2edplural_mean,quantitative
V-Dem-CY-Full+Others-v16.csv,v2edplural_nr,quantitative
V-Dem-CY-Full+Others-v16.csv,v2edcritical,quantitative
V-Dem-CY-Full+Others-v16.csv,v2edcritical_codelow,categorical
V-Dem-CY-Full+Others-v16.csv,v2edcritical_codehigh,categorical
V-Dem-CY-Full+Others-v16.csv,v2edcritical_sd,quantitative
V-Dem-CY-Full+Others-v16.csv,v2edcritical_osp,quantitative
V-Dem-CY-Full+Others-v16.csv,v2edcritical_osp_codelow,categorical
V-Dem-CY-Full+Others-v16.csv,v2edcritical_osp_codehigh,categorical
V-Dem-CY-Full+Others-v16.csv,v2edcritical_osp_sd,quantitative
V-Dem-CY-Full+Others-v16.csv,v2edcritical_ord,categorical
V-Dem-CY-Full+Others-v16.csv,v2edcritical_ord_codelow,categorical
V-Dem-CY-Full+Others-v16.csv,v2edcritical_ord_codehigh,categorical
V-Dem-CY-Full+Others-v16.csv,v2edcritical_mean,quantitative
V-Dem-CY-Full+Others-v16.csv,v2edcritical_nr,quantitative
V-Dem-CY-Full+Others-v16.csv,v2edteautonomy,quantitative
V-Dem-CY-Full+Others-v16.csv,v2edteautonomy_codelow,categorical
V-Dem-CY-Full+Others-v16.csv,v2edteautonomy_codehigh,categorical
V-Dem-CY-Full+Others-v16.csv,v2edteautonomy_sd,quantitative
V-Dem-CY-Full+Others-v16.csv,v2edteautonomy_osp,quantitative
V-Dem-CY-Full+Others-v16.csv,v2edteautonomy_osp_codelow,categorical
V-Dem-CY-Full+Others-v16.csv,v2edteautonomy_osp_codehigh,categorical
V-Dem-CY-Full+Others-v16.csv,v2edteautonomy_osp_sd,quantitative
V-Dem-CY-Full+Others-v16.csv,v2edteautonomy_ord,categorical
V-Dem-CY-Full+Others-v16.csv,v2edteautonomy_ord_codelow,categorical
V-Dem-CY-Full+Others-v16.csv,v2edteautonomy_ord_codehigh,categorical
V-Dem-CY-Full+Others-v16.csv,v2edteautonomy_mean,quantitative
V-Dem-CY-Full+Others-v16.csv,v2edteautonomy_nr,quantitative
V-Dem-CY-Full+Others-v16.csv,v2edmath,quantitative
V-Dem-CY-Full+Others-v16.csv,v2edmath_codelow,categorical
V-Dem-CY-Full+Others-v16.csv,v2edmath_codehigh,categorical
V-Dem-CY-Full+Others-v16.csv,v2edmath_sd,quantitative
V-Dem-CY-Full+Others-v16.csv,v2edmath_osp,quantitative
V-Dem-CY-Full+Others-v16.csv,v2edmath_osp_codelow,categorical
V-Dem-CY-Full+Others-v16.csv,v2edmath_osp_codehigh,categorical
V-Dem-CY-Full+Others-v16.csv,v2edmath_osp_sd,quantitative
V-Dem-CY-Full+Others-v16.csv,v2edmath_ord,categorical
V-Dem-CY-Full+Others-v16.csv,v2edmath_ord_codelow,categorical
V-Dem-CY-Full+Others-v16.csv,v2edmath_ord_codehigh,categorical
V-Dem-CY-Full+Others-v16.csv,v2edmath_mean,quantitative
V-Dem-CY-Full+Others-v16.csv,v2edmath_mode,categorical
V-Dem-CY-Full+Others-v16.csv,v2edmath_nr,quantitative
V-Dem-CY-Full+Others-v16.csv,v2edideolch_1,categorical
V-Dem-CY-Full+Others-v16.csv,v2edideolch_2,categorical
V-Dem-CY-Full+Others-v16.csv,v2edideolch_3,categorical
V-Dem-CY-Full+Others-v16.csv,v2edideolch_4,categorical
V-Dem-CY-Full+Others-v16.csv,v2edideolch_5,categorical
V-Dem-CY-Full+Others-v16.csv,v2edideolch_6,categorical
V-Dem-CY-Full+Others-v16.csv,v2edideolch_7,categorical
V-Dem-CY-Full+Others-v16.csv,v2edideolch_8,categorical
V-Dem-CY-Full+Others-v16.csv,v2edideolch_9,categorical
V-Dem-CY-Full+Others-v16.csv,v2edideolch_10,categorical
V-Dem-CY-Full+Others-v16.csv,v2edideolch_nr,categorical
V-Dem-CY-Full+Others-v16.csv,v2medstateprint,geographic
V-Dem-CY-Full+Others-v16.csv,v2medstateprint_codelow,geographic
V-Dem-CY-Full+Others-v16.csv,v2medstateprint_codehigh,geographic
V-Dem-CY-Full+Others-v16.csv,v2medstateprint_sd,geographic
V-Dem-CY-Full+Others-v16.csv,v2medstateprint_osp,geographic
V-Dem-CY-Full+Others-v16.csv,v2medstateprint_osp_codelow,geographic
V-Dem-CY-Full+Others-v16.csv,v2medstateprint_osp_codehigh,geographic
V-Dem-CY-Full+Others-v16.csv,v2medstateprint_osp_sd,geographic
V-Dem-CY-Full+Others-v16.csv,v2medstateprint_ord,geographic
V-Dem-CY-Full+Others-v16.csv,v2medstateprint_ord_codelow,geographic
V-Dem-CY-Full+Others-v16.csv,v2medstateprint_ord_codehigh,geographic
V-Dem-CY-Full+Others-v16.csv,v2medstateprint_mean,geographic
V-Dem-CY-Full+Others-v16.csv,v2medstateprint_nr,geographic
V-Dem-CY-Full+Others-v16.csv,v2medstatebroad,geographic
V-Dem-CY-Full+Others-v16.csv,v2medstatebroad_codelow,geographic
V-Dem-CY-Full+Others-v16.csv,v2medstatebroad_codehigh,geographic
V-Dem-CY-Full+Others-v16.csv,v2medstatebroad_sd,geographic
V-Dem-CY-Full+Others-v16.csv,v2medstatebroad_osp,geographic
V-Dem-CY-Full+Others-v16.csv,v2medstatebroad_osp_codelow,geographic
V-Dem-CY-Full+Others-v16.csv,v2medstatebroad_osp_codehigh,geographic
V-Dem-CY-Full+Others-v16.csv,v2medstatebroad_osp_sd,geographic
V-Dem-CY-Full+Others-v16.csv,v2medstatebroad_ord,geographic
V-Dem-CY-Full+Others-v16.csv,v2medstatebroad_ord_codelow,geographic
V-Dem-CY-Full+Others-v16.csv,v2medstatebroad_ord_codehigh,geographic
V-Dem-CY-Full+Others-v16.csv,v2medstatebroad_mean,geographic
V-Dem-CY-Full+Others-v16.csv,v2medstatebroad_nr,geographic
V-Dem-CY-Full+Others-v16.csv,v2medpolstate,geographic
V-Dem-CY-Full+Others-v16.csv,v2medpolstate_codelow,geographic
V-Dem-CY-Full+Others-v16.csv,v2medpolstate_codehigh,geographic
V-Dem-CY-Full+Others-v16.csv,v2medpolstate_sd,geographic
V-Dem-CY-Full+Others-v16.csv,v2medpolstate_osp,geographic
V-Dem-CY-Full+Others-v16.csv,v2medpolstate_osp_codelow,geographic
V-Dem-CY-Full+Others-v16.csv,v2medpolstate_osp_codehigh,geographic
V-Dem-CY-Full+Others-v16.csv,v2medpolstate_osp_sd,geographic
V-Dem-CY-Full+Others-v16.csv,v2medpolstate_ord,geographic
V-Dem-CY-Full+Others-v16.csv,v2medpolstate_ord_codelow,geographic
V-Dem-CY-Full+Others-v16.csv,v2medpolstate_ord_codehigh,geographic
V-Dem-CY-Full+Others-v16.csv,v2medpolstate_mean,geographic
V-Dem-CY-Full+Others-v16.csv,v2medpolstate_nr,geographic
V-Dem-CY-Full+Others-v16.csv,v2medpolnonstate,geographic
V-Dem-CY-Full+Others-v16.csv,v2medpolnonstate_codelow,geographic
V-Dem-CY-Full+Others-v16.csv,v2medpolnonstate_codehigh,geographic
V-Dem-CY-Full+Others-v16.csv,v2medpolnonstate_sd,geographic
V-Dem-CY-Full+Others-v16.csv,v2medpolnonstate_osp,geographic
V-Dem-CY-Full+Others-v16.csv,v2medpolnonstate_osp_codelow,geographic
V-Dem-CY-Full+Others-v16.csv,v2medpolnonstate_osp_codehigh,geographic
V-Dem-CY-Full+Others-v16.csv,v2medpolnonstate_osp_sd,geographic
V-Dem-CY-Full+Others-v16.csv,v2medpolnonstate_ord,geographic
V-Dem-CY-Full+Others-v16.csv,v2medpolnonstate_ord_codelow,geographic
V-Dem-CY-Full+Others-v16.csv,v2medpolnonstate_ord_codehigh,geographic
V-Dem-CY-Full+Others-v16.csv,v2medpolnonstate_mean,geographic
V-Dem-CY-Full+Others-v16.csv,v2medpolnonstate_nr,geographic
V-Dem-CY-Full+Others-v16.csv,v2medpatriot,quantitative
V-Dem-CY-Full+Others-v16.csv,v2medpatriot_codelow,categorical
V-Dem-CY-Full+Others-v16.csv,v2medpatriot_codehigh,categorical
V-Dem-CY-Full+Others-v16.csv,v2medpatriot_sd,quantitative
V-Dem-CY-Full+Others-v16.csv,v2medpatriot_osp,quantitative
V-Dem-CY-Full+Others-v16.csv,v2medpatriot_osp_codelow,categorical
V-Dem-CY-Full+Others-v16.csv,v2medpatriot_osp_codehigh,categorical
V-Dem-CY-Full+Others-v16.csv,v2medpatriot_osp_sd,quantitative
V-Dem-CY-Full+Others-v16.csv,v2medpatriot_ord,categorical
V-Dem-CY-Full+Others-v16.csv,v2medpatriot_ord_codelow,categorical
V-Dem-CY-Full+Others-v16.csv,v2medpatriot_ord_codehigh,categorical
V-Dem-CY-Full+Others-v16.csv,v2medpatriot_mean,quantitative
V-Dem-CY-Full+Others-v16.csv,v2medpatriot_nr,quantitative
V-Dem-CY-Full+Others-v16.csv,v2medentrain,quantitative
V-Dem-CY-Full+Others-v16.csv,v2medentrain_codelow,categorical
V-Dem-CY-Full+Others-v16.csv,v2medentrain_codehigh,categorical
V-Dem-CY-Full+Others-v16.csv,v2medentrain_sd,quantitative
V-Dem-CY-Full+Others-v16.csv,v2medentrain_osp,quantitative
V-Dem-CY-Full+Others-v16.csv,v2medentrain_osp_codelow,categorical
V-Dem-CY-Full+Others-v16.csv,v2medentrain_osp_codehigh,categorical
V-Dem-CY-Full+Others-v16.csv,v2medentrain_osp_sd,quantitative
V-Dem-CY-Full+Others-v16.csv,v2medentrain_ord,categorical
V-Dem-CY-Full+Others-v16.csv,v2medentrain_ord_codelow,categorical
V-Dem-CY-Full+Others-v16.csv,v2medentrain_ord_codehigh,categorical
V-Dem-CY-Full+Others-v16.csv,v2medentrain_mean,quantitative
V-Dem-CY-Full+Others-v16.csv,v2medentrain_nr,quantitative
V-Dem-CY-Full+Others-v16.csv,v2edscpatriot,quantitative
V-Dem-CY-Full+Others-v16.csv,v2edscpatriot_codelow,categorical
V-Dem-CY-Full+Others-v16.csv,v2edscpatriot_codehigh,categorical
V-Dem-CY-Full+Others-v16.csv,v2edscpatriot_sd,quantitative
V-Dem-CY-Full+Others-v16.csv,v2edscpatriot_osp,quantitative
V-Dem-CY-Full+Others-v16.csv,v2edscpatriot_osp_codelow,categorical
V-Dem-CY-Full+Others-v16.csv,v2edscpatriot_osp_codehigh,categorical
V-Dem-CY-Full+Others-v16.csv,v2edscpatriot_osp_sd,quantitative
V-Dem-CY-Full+Others-v16.csv,v2edscpatriot_ord,categorical
V-Dem-CY-Full+Others-v16.csv,v2edscpatriot_ord_codelow,categorical
V-Dem-CY-Full+Others-v16.csv,v2edscpatriot_ord_codehigh,categorical
V-Dem-CY-Full+Others-v16.csv,v2edscpatriot_mean,quantitative
V-Dem-CY-Full+Others-v16.csv,v2edscpatriot_mode,categorical
V-Dem-CY-Full+Others-v16.csv,v2edscpatriot_nr,quantitative
V-Dem-CY-Full+Others-v16.csv,v2edscpatriotcb,quantitative
V-Dem-CY-Full+Others-v16.csv,v2edscpatriotcb_codelow,categorical
V-Dem-CY-Full+Others-v16.csv,v2edscpatriotcb_codehigh,categorical
V-Dem-CY-Full+Others-v16.csv,v2edscpatriotcb_sd,quantitative
V-Dem-CY-Full+Others-v16.csv,v2edscpatriotcb_osp,quantitative
V-Dem-CY-Full+Others-v16.csv,v2edscpatriotcb_osp_codelow,categorical
V-Dem-CY-Full+Others-v16.csv,v2edscpatriotcb_osp_codehigh,categorical
V-Dem-CY-Full+Others-v16.csv,v2edscpatriotcb_osp_sd,quantitative
V-Dem-CY-Full+Others-v16.csv,v2edscpatriotcb_ord,categorical
V-Dem-CY-Full+Others-v16.csv,v2edscpatriotcb_ord_codelow,categorical
V-Dem-CY-Full+Others-v16.csv,v2edscpatriotcb_ord_codehigh,categorical
V-Dem-CY-Full+Others-v16.csv,v2edscpatriotcb_mean,quantitative
V-Dem-CY-Full+Others-v16.csv,v2edscpatriotcb_nr,quantitative
V-Dem-CY-Full+Others-v16.csv,v2edscextracurr,quantitative
V-Dem-CY-Full+Others-v16.csv,v2edscextracurr_codelow,categorical
V-Dem-CY-Full+Others-v16.csv,v2edscextracurr_codehigh,categorical
V-Dem-CY-Full+Others-v16.csv,v2edscextracurr_sd,quantitative
V-Dem-CY-Full+Others-v16.csv,v2edscextracurr_osp,quantitative
V-Dem-CY-Full+Others-v16.csv,v2edscextracurr_osp_codelow,categorical
V-Dem-CY-Full+Others-v16.csv,v2edscextracurr_osp_codehigh,categorical
V-Dem-CY-Full+Others-v16.csv,v2edscextracurr_osp_sd,quantitative
V-Dem-CY-Full+Others-v16.csv,v2edscextracurr_ord,categorical
V-Dem-CY-Full+Others-v16.csv,v2edscextracurr_ord_codelow,categorical
V-Dem-CY-Full+Others-v16.csv,v2edscextracurr_ord_codehigh,categorical
V-Dem-CY-Full+Others-v16.csv,v2edscextracurr_mean,quantitative
V-Dem-CY-Full+Others-v16.csv,v2edscextracurr_nr,quantitative
V-Dem-CY-Full+Others-v16.csv,v2edtequal,quantitative
V-Dem-CY-Full+Others-v16.csv,v2edtequal_codelow,categorical
V-Dem-CY-Full+Others-v16.csv,v2edtequal_codehigh,categorical
V-Dem-CY-Full+Others-v16.csv,v2edtequal_sd,quantitative
V-Dem-CY-Full+Others-v16.csv,v2edtequal_osp,quantitative
V-Dem-CY-Full+Others-v16.csv,v2edtequal_osp_codelow,categorical
V-Dem-CY-Full+Others-v16.csv,v2edtequal_osp_codehigh,categorical
V-Dem-CY-Full+Others-v16.csv,v2edtequal_osp_sd,quantitative
V-Dem-CY-Full+Others-v16.csv,v2edtequal_ord,categorical
V-Dem-CY-Full+Others-v16.csv,v2edtequal_ord_codelow,categorical
V-Dem-CY-Full+Others-v16.csv,v2edtequal_ord_codehigh,categorical
V-Dem-CY-Full+Others-v16.csv,v2edtequal_mean,quantitative
V-Dem-CY-Full+Others-v16.csv,v2edtequal_nr,quantitative
V-Dem-CY-Full+Others-v16.csv,v2temonitor,quantitative
V-Dem-CY-Full+Others-v16.csv,v2temonitor_codelow,categorical
V-Dem-CY-Full+Others-v16.csv,v2temonitor_codehigh,categorical
V-Dem-CY-Full+Others-v16.csv,v2temonitor_sd,quantitative
V-Dem-CY-Full+Others-v16.csv,v2temonitor_osp,quantitative
V-Dem-CY-Full+Others-v16.csv,v2temonitor_osp_codelow,categorical
V-Dem-CY-Full+Others-v16.csv,v2temonitor_osp_codehigh,categorical
V-Dem-CY-Full+Others-v16.csv,v2temonitor_osp_sd,quantitative
V-Dem-CY-Full+Others-v16.csv,v2temonitor_ord,categorical
V-Dem-CY-Full+Others-v16.csv,v2temonitor_ord_codelow,categorical
V-Dem-CY-Full+Others-v16.csv,v2temonitor_ord_codehigh,categorical
V-Dem-CY-Full+Others-v16.csv,v2temonitor_mean,quantitative
V-Dem-CY-Full+Others-v16.csv,v2temonitor_nr,quantitative
V-Dem-CY-Full+Others-v16.csv,v2edteunion,quantitative
V-Dem-CY-Full+Others-v16.csv,v2edteunion_codelow,categorical
V-Dem-CY-Full+Others-v16.csv,v2edteunion_codehigh,categorical
V-Dem-CY-Full+Others-v16.csv,v2edteunion_sd,quantitative
V-Dem-CY-Full+Others-v16.csv,v2edteunion_osp,quantitative
V-Dem-CY-Full+Others-v16.csv,v2edteunion_osp_codelow,categorical
V-Dem-CY-Full+Others-v16.csv,v2edteunion_osp_codehigh,categorical
V-Dem-CY-Full+Others-v16.csv,v2edteunion_osp_sd,quantitative
V-Dem-CY-Full+Others-v16.csv,v2edteunion_ord,categorical
V-Dem-CY-Full+Others-v16.csv,v2edteunion_ord_codelow,categorical
V-Dem-CY-Full+Others-v16.csv,v2edteunion_ord_codehigh,categorical
V-Dem-CY-Full+Others-v16.csv,v2edteunion_mean,quantitative
V-Dem-CY-Full+Others-v16.csv,v2edteunion_mode,categorical
V-Dem-CY-Full+Others-v16.csv,v2edteunion_nr,quantitative
V-Dem-CY-Full+Others-v16.csv,v2edteunionindp,quantitative
V-Dem-CY-Full+Others-v16.csv,v2edteunionindp_codelow,categorical
V-Dem-CY-Full+Others-v16.csv,v2edteunionindp_codehigh,categorical
V-Dem-CY-Full+Others-v16.csv,v2edteunionindp_sd,quantitative
V-Dem-CY-Full+Others-v16.csv,v2edteunionindp_osp,quantitative
V-Dem-CY-Full+Others-v16.csv,v2edteunionindp_osp_codelow,categorical
V-Dem-CY-Full+Others-v16.csv,v2edteunionindp_osp_codehigh,categorical
V-Dem-CY-Full+Others-v16.csv,v2edteunionindp_osp_sd,quantitative
V-Dem-CY-Full+Others-v16.csv,v2edteunionindp_ord,categorical
V-Dem-CY-Full+Others-v16.csv,v2edteunionindp_ord_codelow,categorical
V-Dem-CY-Full+Others-v16.csv,v2edteunionindp_ord_codehigh,categorical
V-Dem-CY-Full+Others-v16.csv,v2edteunionindp_mean,quantitative
V-Dem-CY-Full+Others-v16.csv,v2edteunionindp_nr,quantitative
V-Dem-CY-Full+Others-v16.csv,v2edtehire,quantitative
V-Dem-CY-Full+Others-v16.csv,v2edtehire_codelow,categorical
V-Dem-CY-Full+Others-v16.csv,v2edtehire_codehigh,categorical
V-Dem-CY-Full+Others-v16.csv,v2edtehire_sd,quantitative
V-Dem-CY-Full+Others-v16.csv,v2edtehire_osp,quantitative
V-Dem-CY-Full+Others-v16.csv,v2edtehire_osp_codelow,categorical
V-Dem-CY-Full+Others-v16.csv,v2edtehire_osp_codehigh,categorical
V-Dem-CY-Full+Others-v16.csv,v2edtehire_osp_sd,quantitative
V-Dem-CY-Full+Others-v16.csv,v2edtehire_ord,categorical
V-Dem-CY-Full+Others-v16.csv,v2edtehire_ord_codelow,categorical
V-Dem-CY-Full+Others-v16.csv,v2edtehire_ord_codehigh,categorical
V-Dem-CY-Full+Others-v16.csv,v2edtehire_mean,quantitative
V-Dem-CY-Full+Others-v16.csv,v2edtehire_nr,quantitative
V-Dem-CY-Full+Others-v16.csv,v2edtefire,quantitative
V-Dem-CY-Full+Others-v16.csv,v2edtefire_codelow,categorical
V-Dem-CY-Full+Others-v16.csv,v2edtefire_codehigh,categorical
V-Dem-CY-Full+Others-v16.csv,v2edtefire_sd,quantitative
V-Dem-CY-Full+Others-v16.csv,v2edtefire_osp,quantitative
V-Dem-CY-Full+Others-v16.csv,v2edtefire_osp_codelow,categorical
V-Dem-CY-Full+Others-v16.csv,v2edtefire_osp_codehigh,categorical
V-Dem-CY-Full+Others-v16.csv,v2edtefire_osp_sd,quantitative
V-Dem-CY-Full+Others-v16.csv,v2edtefire_ord,categorical
V-Dem-CY-Full+Others-v16.csv,v2edtefire_ord_codelow,categorical
V-Dem-CY-Full+Others-v16.csv,v2edtefire_ord_codehigh,categorical
V-Dem-CY-Full+Others-v16.csv,v2edtefire_mean,quantitative
V-Dem-CY-Full+Others-v16.csv,v2edtefire_nr,quantitative
V-Dem-CY-Full+Others-v16.csv,e_v2x_clpriv_3C,categorical
V-Dem-CY-Full+Others-v16.csv,e_v2x_clpriv_4C,categorical
V-Dem-CY-Full+Others-v16.csv,e_v2x_clpriv_5C,categorical
V-Dem-CY-Full+Others-v16.csv,e_v2xdl_delib_3C,categorical
V-Dem-CY-Full+Others-v16.csv,e_v2xdl_delib_4C,categorical
V-Dem-CY-Full+Others-v16.csv,e_v2xdl_delib_5C,categorical
V-Dem-CY-Full+Others-v16.csv,e_v2x_egaldem_3C,categorical
V-Dem-CY-Full+Others-v16.csv,e_v2x_egaldem_4C,categorical
V-Dem-CY-Full+Others-v16.csv,e_v2x_egaldem_5C,categorical
V-Dem-CY-Full+Others-v16.csv,e_v2x_pubcorr_3C,categorical
V-Dem-CY-Full+Others-v16.csv,e_v2x_pubcorr_4C,categorical
V-Dem-CY-Full+Others-v16.csv,e_v2x_pubcorr_5C,categorical
V-Dem-CY-Full+Others-v16.csv,e_v2x_execorr_3C,categorical
V-Dem-CY-Full+Others-v16.csv,e_v2x_execorr_4C,categorical
V-Dem-CY-Full+Others-v16.csv,e_v2x_execorr_5C,categorical
V-Dem-CY-Full+Others-v16.csv,e_v2x_egal_3C,categorical
V-Dem-CY-Full+Others-v16.csv,e_v2x_egal_4C,categorical
V-Dem-CY-Full+Others-v16.csv,e_v2x_egal_5C,categorical
V-Dem-CY-Full+Others-v16.csv,e_v2x_clphy_3C,categorical
V-Dem-CY-Full+Others-v16.csv,e_v2x_clphy_4C,categorical
V-Dem-CY-Full+Others-v16.csv,e_v2x_clphy_5C,categorical
V-Dem-CY-Full+Others-v16.csv,e_v2xdd_dd_3C,categorical
V-Dem-CY-Full+Others-v16.csv,e_v2xdd_dd_4C,categorical
V-Dem-CY-Full+Others-v16.csv,e_v2xdd_dd_5C,categorical
V-Dem-CY-Full+Others-v16.csv,e_v2xel_locelec_3C,categorical
V-Dem-CY-Full+Others-v16.csv,e_v2xel_locelec_4C,categorical
V-Dem-CY-Full+Others-v16.csv,e_v2xel_locelec_5C,categorical
V-Dem-CY-Full+Others-v16.csv,e_v2x_suffr_3C,categorical
V-Dem-CY-Full+Others-v16.csv,e_v2x_suffr_4C,categorical
V-Dem-CY-Full+Others-v16.csv,e_v2x_suffr_5C,categorical
V-Dem-CY-Full+Others-v16.csv,e_v2x_freexp_altinf_3C,categorical
V-Dem-CY-Full+Others-v16.csv,e_v2x_freexp_altinf_4C,categorical
V-Dem-CY-Full+Others-v16.csv,e_v2x_freexp_altinf_5C,categorical
V-Dem-CY-Full+Others-v16.csv,e_v2x_gencl_3C,categorical
V-Dem-CY-Full+Others-v16.csv,e_v2x_gencl_4C,categorical
V-Dem-CY-Full+Others-v16.csv,e_v2x_gencl_5C,categorical
V-Dem-CY-Full+Others-v16.csv,e_v2x_frassoc_thick_3C,categorical
V-Dem-CY-Full+Others-v16.csv,e_v2x_frassoc_thick_4C,categorical
V-Dem-CY-Full+Others-v16.csv,e_v2x_frassoc_thick_5C,categorical
V-Dem-CY-Full+Others-v16.csv,e_v2xme_altinf_3C,categorical
V-Dem-CY-Full+Others-v16.csv,e_v2xme_altinf_4C,categorical
V-Dem-CY-Full+Others-v16.csv,e_v2xme_altinf_5C,categorical
V-Dem-CY-Full+Others-v16.csv,e_v2x_libdem_3C,categorical
V-Dem-CY-Full+Others-v16.csv,e_v2x_libdem_4C,categorical
V-Dem-CY-Full+Others-v16.csv,e_v2x_libdem_5C,categorical
V-Dem-CY-Full+Others-v16.csv,e_v2x_mpi_3C,categorical
V-Dem-CY-Full+Others-v16.csv,e_v2x_mpi_4C,categorical
V-Dem-CY-Full+Others-v16.csv,e_v2x_mpi_5C,categorical
V-Dem-CY-Full+Others-v16.csv,e_v2xlg_legcon_3C,categorical
V-Dem-CY-Full+Others-v16.csv,e_v2xlg_legcon_4C,categorical
V-Dem-CY-Full+Others-v16.csv,e_v2xlg_legcon_5C,categorical
V-Dem-CY-Full+Others-v16.csv,e_v2x_elecoff_3C,categorical
V-Dem-CY-Full+Others-v16.csv,e_v2x_elecoff_4C,categorical
V-Dem-CY-Full+Others-v16.csv,e_v2x_elecoff_5C,categorical
V-Dem-CY-Full+Others-v16.csv,e_v2x_delibdem_3C,categorical
V-Dem-CY-Full+Others-v16.csv,e_v2x_delibdem_4C,categorical
V-Dem-CY-Full+Others-v16.csv,e_v2x_delibdem_5C,categorical
V-Dem-CY-Full+Others-v16.csv,e_v2x_partipdem_3C,categorical
V-Dem-CY-Full+Others-v16.csv,e_v2x_partipdem_4C,categorical
V-Dem-CY-Full+Others-v16.csv,e_v2x_partipdem_5C,categorical
V-Dem-CY-Full+Others-v16.csv,e_v2xps_party_3C,categorical
V-Dem-CY-Full+Others-v16.csv,e_v2xps_party_4C,categorical
V-Dem-CY-Full+Others-v16.csv,e_v2xps_party_5C,categorical
V-Dem-CY-Full+Others-v16.csv,e_v2x_gender_3C,categorical
V-Dem-CY-Full+Others-v16.csv,e_v2x_gender_4C,categorical
V-Dem-CY-Full+Others-v16.csv,e_v2x_gender_5C,categorical
V-Dem-CY-Full+Others-v16.csv,e_v2x_gencs_3C,categorical
V-Dem-CY-Full+Others-v16.csv,e_v2x_gencs_4C,categorical
V-Dem-CY-Full+Others-v16.csv,e_v2x_gencs_5C,categorical
V-Dem-CY-Full+Others-v16.csv,e_v2x_feduni_3C,categorical
V-Dem-CY-Full+Others-v16.csv,e_v2x_feduni_4C,categorical
V-Dem-CY-Full+Others-v16.csv,e_v2x_feduni_5C,categorical
V-Dem-CY-Full+Others-v16.csv,e_v2x_civlib_3C,categorical
V-Dem-CY-Full+Others-v16.csv,e_v2x_civlib_4C,categorical
V-Dem-CY-Full+Others-v16.csv,e_v2x_civlib_5C,categorical
V-Dem-CY-Full+Others-v16.csv,e_v2xcl_rol_3C,categorical
V-Dem-CY-Full+Others-v16.csv,e_v2xcl_rol_4C,categorical
V-Dem-CY-Full+Others-v16.csv,e_v2xcl_rol_5C,categorical
V-Dem-CY-Full+Others-v16.csv,e_v2xeg_eqdr_3C,categorical
V-Dem-CY-Full+Others-v16.csv,e_v2xeg_eqdr_4C,categorical
V-Dem-CY-Full+Others-v16.csv,e_v2xeg_eqdr_5C,categorical
V-Dem-CY-Full+Others-v16.csv,e_v2x_clpol_3C,categorical
V-Dem-CY-Full+Others-v16.csv,e_v2x_clpol_4C,categorical
V-Dem-CY-Full+Others-v16.csv,e_v2x_clpol_5C,categorical
V-Dem-CY-Full+Others-v16.csv,e_v2x_EDcomp_thick_3C,categorical
V-Dem-CY-Full+Others-v16.csv,e_v2x_EDcomp_thick_4C,categorical
V-Dem-CY-Full+Others-v16.csv,e_v2x_EDcomp_thick_5C,categorical
V-Dem-CY-Full+Others-v16.csv,e_v2x_partip_3C,categorical
V-Dem-CY-Full+Others-v16.csv,e_v2x_partip_4C,categorical
V-Dem-CY-Full+Others-v16.csv,e_v2x_partip_5C,categorical
V-Dem-CY-Full+Others-v16.csv,e_v2x_liberal_3C,categorical
V-Dem-CY-Full+Others-v16.csv,e_v2x_liberal_4C,categorical
V-Dem-CY-Full+Others-v16.csv,e_v2x_liberal_5C,categorical
V-Dem-CY-Full+Others-v16.csv,e_v2xeg_eqprotec_3C,categorical
V-Dem-CY-Full+Others-v16.csv,e_v2xeg_eqprotec_4C,categorical
V-Dem-CY-Full+Others-v16.csv,e_v2xeg_eqprotec_5C,categorical
V-Dem-CY-Full+Others-v16.csv,e_v2x_corr_3C,categorical
V-Dem-CY-Full+Others-v16.csv,e_v2x_corr_4C,categorical
V-Dem-CY-Full+Others-v16.csv,e_v2x_corr_5C,categorical
V-Dem-CY-Full+Others-v16.csv,e_v2x_genpp_3C,categorical
V-Dem-CY-Full+Others-v16.csv,e_v2x_genpp_4C,categorical
V-Dem-CY-Full+Others-v16.csv,e_v2x_genpp_5C,categorical
V-Dem-CY-Full+Others-v16.csv,e_v2x_jucon_3C,categorical
V-Dem-CY-Full+Others-v16.csv,e_v2x_jucon_4C,categorical
V-Dem-CY-Full+Others-v16.csv,e_v2x_jucon_5C,categorical
V-Dem-CY-Full+Others-v16.csv,e_v2x_api_3C,categorical
V-Dem-CY-Full+Others-v16.csv,e_v2x_api_4C,categorical
V-Dem-CY-Full+Others-v16.csv,e_v2x_api_5C,categorical
V-Dem-CY-Full+Others-v16.csv,e_v2xcs_ccsi_3C,categorical
V-Dem-CY-Full+Others-v16.csv,e_v2xcs_ccsi_4C,categorical
V-Dem-CY-Full+Others-v16.csv,e_v2xcs_ccsi_5C,categorical
V-Dem-CY-Full+Others-v16.csv,e_v2x_polyarchy_3C,categorical
V-Dem-CY-Full+Others-v16.csv,e_v2x_polyarchy_4C,categorical
V-Dem-CY-Full+Others-v16.csv,e_v2x_polyarchy_5C,categorical
V-Dem-CY-Full+Others-v16.csv,e_v2xel_frefair_3C,categorical
V-Dem-CY-Full+Others-v16.csv,e_v2xel_frefair_4C,categorical
V-Dem-CY-Full+Others-v16.csv,e_v2xel_frefair_5C,categorical
V-Dem-CY-Full+Others-v16.csv,e_v2x_cspart_3C,categorical
V-Dem-CY-Full+Others-v16.csv,e_v2x_cspart_4C,categorical
V-Dem-CY-Full+Others-v16.csv,e_v2x_cspart_5C,categorical
V-Dem-CY-Full+Others-v16.csv,e_v2x_freexp_3C,categorical
V-Dem-CY-Full+Others-v16.csv,e_v2x_freexp_4C,categorical
V-Dem-CY-Full+Others-v16.csv,e_v2x_freexp_5C,categorical
V-Dem-CY-Full+Others-v16.csv,e_v2xel_regelec_3C,categorical
V-Dem-CY-Full+Others-v16.csv,e_v2xel_regelec_4C,categorical
V-Dem-CY-Full+Others-v16.csv,e_v2xel_regelec_5C,categorical
V-Dem-CY-Full+Others-v16.csv,e_democracy_trans,categorical
V-Dem-CY-Full+Others-v16.csv,e_boix_regime,categorical
V-Dem-CY-Full+Others-v16.csv,e_democracy_breakdowns,categorical
V-Dem-CY-Full+Others-v16.csv,e_democracy_omitteddata,categorical
V-Dem-CY-Full+Others-v16.csv,e_fh_rol,quantitative
V-Dem-CY-Full+Others-v16.csv,e_fh_cl,categorical
V-Dem-CY-Full+Others-v16.csv,e_fh_pr,categorical
V-Dem-CY-Full+Others-v16.csv,e_fh_status,categorical
V-Dem-CY-Full+Others-v16.csv,e_wbgi_cce,quantitative
V-Dem-CY-Full+Others-v16.csv,e_wbgi_pve,quantitative
V-Dem-CY-Full+Others-v16.csv,e_wbgi_rle,quantitative
V-Dem-CY-Full+Others-v16.csv,e_wbgi_vae,quantitative
V-Dem-CY-Full+Others-v16.csv,e_wbgi_rqe,quantitative
V-Dem-CY-Full+Others-v16.csv,e_wbgi_gee,quantitative
V-Dem-CY-Full+Others-v16.csv,e_lexical_index,categorical
V-Dem-CY-Full+Others-v16.csv,e_uds_median,quantitative
V-Dem-CY-Full+Others-v16.csv,e_uds_mean,quantitative
V-Dem-CY-Full+Others-v16.csv,e_uds_pct025,quantitative
V-Dem-CY-Full+Others-v16.csv,e_uds_pct975,quantitative
V-Dem-CY-Full+Others-v16.csv,e_legparty,categorical
V-Dem-CY-Full+Others-v16.csv,e_coups,categorical
V-Dem-CY-Full+Others-v16.csv,e_p_polity,quantitative
V-Dem-CY-Full+Others-v16.csv,e_democ,quantitative
V-Dem-CY-Full+Others-v16.csv,e_autoc,quantitative
V-Dem-CY-Full+Others-v16.csv,e_polity2,quantitative
V-Dem-CY-Full+Others-v16.csv,e_polcomp,quantitative
V-Dem-CY-Full+Others-v16.csv,e_ti_cpi,quantitative
V-Dem-CY-Full+Others-v16.csv,e_chga_demo,categorical
V-Dem-CY-Full+Others-v16.csv,e_bnr_dem,categorical
V-Dem-CY-Full+Others-v16.csv,e_vanhanen,quantitative
V-Dem-CY-Full+Others-v16.csv,e_ovctd,quantitative
V-Dem-CY-Full+Others-v16.csv,e_peaveduc,quantitative
V-Dem-CY-Full+Others-v16.csv,e_peedgini,quantitative
V-Dem-CY-Full+Others-v16.csv,e_area,quantitative
V-Dem-CY-Full+Others-v16.csv,e_regiongeo,quantitative
V-Dem-CY-Full+Others-v16.csv,e_regionpol,categorical
V-Dem-CY-Full+Others-v16.csv,e_regionpol_6C,categorical
V-Dem-CY-Full+Others-v16.csv,e_regionpol_7C,categorical
V-Dem-CY-Full+Others-v16.csv,e_miinflat,geographic
V-Dem-CY-Full+Others-v16.csv,e_cow_imports,quantitative
V-Dem-CY-Full+Others-v16.csv,e_cow_exports,quantitative
V-Dem-CY-Full+Others-v16.csv,e_gdp,quantitative
V-Dem-CY-Full+Others-v16.csv,e_gdp_sd,quantitative
V-Dem-CY-Full+Others-v16.csv,e_gdppc,quantitative
V-Dem-CY-Full+Others-v16.csv,e_gdppc_sd,quantitative
V-Dem-CY-Full+Others-v16.csv,e_pop,quantitative
V-Dem-CY-Full+Others-v16.csv,e_pop_sd,quantitative
V-Dem-CY-Full+Others-v16.csv,e_total_resources_income_pc,quantitative
V-Dem-CY-Full+Others-v16.csv,e_total_oil_income_pc,quantitative
V-Dem-CY-Full+Others-v16.csv,e_total_fuel_income_pc,quantitative
V-Dem-CY-Full+Others-v16.csv,e_radio_n,quantitative
V-Dem-CY-Full+Others-v16.csv,e_pelifeex,quantitative
V-Dem-CY-Full+Others-v16.csv,e_miferrat,quantitative
V-Dem-CY-Full+Others-v16.csv,e_pematmor,quantitative
V-Dem-CY-Full+Others-v16.csv,e_miurbpop,quantitative
V-Dem-CY-Full+Others-v16.csv,e_mipopula,quantitative
V-Dem-CY-Full+Others-v16.csv,e_miurbani,quantitative
V-Dem-CY-Full+Others-v16.csv,e_pefeliex,quantitative
V-Dem-CY-Full+Others-v16.csv,e_wb_pop,quantitative
V-Dem-CY-Full+Others-v16.csv,e_pechmor,quantitative
V-Dem-CY-Full+Others-v16.csv,e_miinteco,categorical
V-Dem-CY-Full+Others-v16.csv,e_civil_war,categorical
V-Dem-CY-Full+Others-v16.csv,e_miinterc,categorical
V-Dem-CY-Full+Others-v16.csv,e_pt_coup,categorical
V-Dem-CY-Full+Others-v16.csv,e_pt_coup_attempts,categorical
V-Dem-CY-Full+Others-v16.csv,e_ovexist_0,categorical
V-Dem-CY-Full+Others-v16.csv,e_ovexist_1,categorical
V-Dem-CY-Full+Others-v16.csv,e_ovexist_2,categorical
V-Dem-CY-Full+Others-v16.csv,e_ovexist_3,categorical
